userid,passwd,salt,name
Hali,1111,1111,Hali
Twila,1111,1111,Twila
Nester,1111,1111,Nester
Rosanne,1111,1111,Rosanne
Ki,1111,1111,Ki
Pascal,1111,1111,Pascal
Thom,1111,1111,Thom
Weber,1111,1111,Weber
Gawain,1111,1111,Gawain
Reinhold,1111,1111,Reinhold
Krishna,1111,1111,Krishna
Minta,1111,1111,Minta
Rodge,1111,1111,Rodge
Dorella,1111,1111,Dorella
Todd,1111,1111,Todd
Devon,1111,1111,Devon
Lexy,1111,1111,Lexy
Maison,1111,1111,Maison
Bertrando,1111,1111,Bertrando
Tiffi,1111,1111,Tiffi
Douglass,1111,1111,Douglass
Amy,1111,1111,Amy
Dorothy,1111,1111,Dorothy
Odelle,1111,1111,Odelle
Kerianne,1111,1111,Kerianne
Mathilde,1111,1111,Mathilde
Maurita,1111,1111,Maurita
Raf,1111,1111,Raf
Tandie,1111,1111,Tandie
Goldina,1111,1111,Goldina
Hattie,1111,1111,Hattie
Mary,1111,1111,Mary
Oriana,1111,1111,Oriana
Ainslee,1111,1111,Ainslee
Jacenta,1111,1111,Jacenta
Coral,1111,1111,Coral
Brnaba,1111,1111,Brnaba
Louisa,1111,1111,Louisa
Channa,1111,1111,Channa
Natividad,1111,1111,Natividad
Damita,1111,1111,Damita
Miran,1111,1111,Miran
Rori,1111,1111,Rori
Ewan,1111,1111,Ewan
Felizio,1111,1111,Felizio
Tristan,1111,1111,Tristan
Aile,1111,1111,Aile
Carena,1111,1111,Carena
Gale,1111,1111,Gale
Jasmina,1111,1111,Jasmina
Barb,1111,1111,Barb
Natal,1111,1111,Natal
Oswald,1111,1111,Oswald
Elizabet,1111,1111,Elizabet
Krystalle,1111,1111,Krystalle
Norman,1111,1111,Norman
Andie,1111,1111,Andie
Mace,1111,1111,Mace
Jocelyn,1111,1111,Jocelyn
Janene,1111,1111,Janene
Roseann,1111,1111,Roseann
Aurie,1111,1111,Aurie
Tybalt,1111,1111,Tybalt
Evaleen,1111,1111,Evaleen
Jase,1111,1111,Jase
Adolpho,1111,1111,Adolpho
Jeremy,1111,1111,Jeremy
Sheri,1111,1111,Sheri
Benito,1111,1111,Benito
Andros,1111,1111,Andros
Hanson,1111,1111,Hanson
Floyd,1111,1111,Floyd
Rod,1111,1111,Rod
Lolita,1111,1111,Lolita
Fannie,1111,1111,Fannie
Thibaud,1111,1111,Thibaud
Gianni,1111,1111,Gianni
Arleyne,1111,1111,Arleyne
Nathanil,1111,1111,Nathanil
Adele,1111,1111,Adele
Winny,1111,1111,Winny
Hermine,1111,1111,Hermine
Ram,1111,1111,Ram
Hamel,1111,1111,Hamel
Sergent,1111,1111,Sergent
Minta,1111,1111,Minta
Norri,1111,1111,Norri
Athena,1111,1111,Athena
Deeanne,1111,1111,Deeanne
Korie,1111,1111,Korie
Stewart,1111,1111,Stewart
Rosalia,1111,1111,Rosalia
Rolland,1111,1111,Rolland
Elmo,1111,1111,Elmo
Ettore,1111,1111,Ettore
Tobe,1111,1111,Tobe
Bron,1111,1111,Bron
Selena,1111,1111,Selena
Theobald,1111,1111,Theobald
Lindy,1111,1111,Lindy
Hermione,1111,1111,Hermione
Xenos,1111,1111,Xenos
Susie,1111,1111,Susie
Mignon,1111,1111,Mignon
Calv,1111,1111,Calv
Druci,1111,1111,Druci
Nickolaus,1111,1111,Nickolaus
Jannel,1111,1111,Jannel
Audry,1111,1111,Audry
Audie,1111,1111,Audie
Jodee,1111,1111,Jodee
Melesa,1111,1111,Melesa
Kassia,1111,1111,Kassia
Bernie,1111,1111,Bernie
Carilyn,1111,1111,Carilyn
Gloria,1111,1111,Gloria
Demetrius,1111,1111,Demetrius
Dmitri,1111,1111,Dmitri
Jocelyn,1111,1111,Jocelyn
Eirena,1111,1111,Eirena
Terencio,1111,1111,Terencio
Ingelbert,1111,1111,Ingelbert
Charlotte,1111,1111,Charlotte
Kain,1111,1111,Kain
Stanford,1111,1111,Stanford
Jeremiah,1111,1111,Jeremiah
Pru,1111,1111,Pru
Christophorus,1111,1111,Christophorus
Finn,1111,1111,Finn
Hammad,1111,1111,Hammad
Ailina,1111,1111,Ailina
Tammie,1111,1111,Tammie
Jamill,1111,1111,Jamill
Tyrone,1111,1111,Tyrone
Catie,1111,1111,Catie
Chevalier,1111,1111,Chevalier
Maybelle,1111,1111,Maybelle
Adrianna,1111,1111,Adrianna
Shaun,1111,1111,Shaun
Ilsa,1111,1111,Ilsa
Genia,1111,1111,Genia
Helenka,1111,1111,Helenka
Kacie,1111,1111,Kacie
Wiatt,1111,1111,Wiatt
Klaus,1111,1111,Klaus
Erda,1111,1111,Erda
Risa,1111,1111,Risa
Linnet,1111,1111,Linnet
Cly,1111,1111,Cly
Candice,1111,1111,Candice
Quintin,1111,1111,Quintin
Jordana,1111,1111,Jordana
Sophia,1111,1111,Sophia
Debra,1111,1111,Debra
Eula,1111,1111,Eula
Tracy,1111,1111,Tracy
Danie,1111,1111,Danie
Sonnnie,1111,1111,Sonnnie
Dene,1111,1111,Dene
Thor,1111,1111,Thor
Virgilio,1111,1111,Virgilio
Kenon,1111,1111,Kenon
Celene,1111,1111,Celene
Marya,1111,1111,Marya
Giacomo,1111,1111,Giacomo
Sharron,1111,1111,Sharron
Abbot,1111,1111,Abbot
Enriqueta,1111,1111,Enriqueta
Vida,1111,1111,Vida
Kial,1111,1111,Kial
Pauly,1111,1111,Pauly
Bee,1111,1111,Bee
Kerwinn,1111,1111,Kerwinn
Babbie,1111,1111,Babbie
Frasco,1111,1111,Frasco
Anatola,1111,1111,Anatola
Lannie,1111,1111,Lannie
Alene,1111,1111,Alene
Micky,1111,1111,Micky
Michail,1111,1111,Michail
Brigitte,1111,1111,Brigitte
Gayler,1111,1111,Gayler
Andy,1111,1111,Andy
Wash,1111,1111,Wash
Cornelia,1111,1111,Cornelia
Ophelia,1111,1111,Ophelia
Giulia,1111,1111,Giulia
Bartholomeus,1111,1111,Bartholomeus
Annamarie,1111,1111,Annamarie
Tadio,1111,1111,Tadio
Codi,1111,1111,Codi
Norah,1111,1111,Norah
Brier,1111,1111,Brier
Coraline,1111,1111,Coraline
Willetta,1111,1111,Willetta
Justinian,1111,1111,Justinian
Danika,1111,1111,Danika
Madella,1111,1111,Madella
Cathyleen,1111,1111,Cathyleen
Enrika,1111,1111,Enrika
Sheffield,1111,1111,Sheffield
Elle,1111,1111,Elle
Curr,1111,1111,Curr
Lina,1111,1111,Lina
Joaquin,1111,1111,Joaquin
Basil,1111,1111,Basil
Neile,1111,1111,Neile
Carmelia,1111,1111,Carmelia
Oralie,1111,1111,Oralie
Wendeline,1111,1111,Wendeline
Libbey,1111,1111,Libbey
Ned,1111,1111,Ned
Adlai,1111,1111,Adlai
Alanson,1111,1111,Alanson
Katine,1111,1111,Katine
Ronnica,1111,1111,Ronnica
Walker,1111,1111,Walker
Bertine,1111,1111,Bertine
Wilfrid,1111,1111,Wilfrid
Norrie,1111,1111,Norrie
Dionis,1111,1111,Dionis
Abigale,1111,1111,Abigale
Inigo,1111,1111,Inigo
Shena,1111,1111,Shena
Batsheva,1111,1111,Batsheva
Bel,1111,1111,Bel
Idalina,1111,1111,Idalina
Anjela,1111,1111,Anjela
Victoria,1111,1111,Victoria
Marie-jeanne,1111,1111,Marie-jeanne
Gretal,1111,1111,Gretal
Kendra,1111,1111,Kendra
Sven,1111,1111,Sven
Harcourt,1111,1111,Harcourt
Tawnya,1111,1111,Tawnya
Mireielle,1111,1111,Mireielle
Sascha,1111,1111,Sascha
Daune,1111,1111,Daune
Nikolaus,1111,1111,Nikolaus
Conrade,1111,1111,Conrade
Connie,1111,1111,Connie
Rockie,1111,1111,Rockie
Murvyn,1111,1111,Murvyn
Lusa,1111,1111,Lusa
Romola,1111,1111,Romola
Lucho,1111,1111,Lucho
Howie,1111,1111,Howie
Pooh,1111,1111,Pooh
Tybi,1111,1111,Tybi
Carlita,1111,1111,Carlita
Hamnet,1111,1111,Hamnet
Nariko,1111,1111,Nariko
Sigismund,1111,1111,Sigismund
Karel,1111,1111,Karel
Niko,1111,1111,Niko
Fara,1111,1111,Fara
Jeannette,1111,1111,Jeannette
Robinette,1111,1111,Robinette
Booth,1111,1111,Booth
Enrica,1111,1111,Enrica
Petronella,1111,1111,Petronella
Immanuel,1111,1111,Immanuel
Frayda,1111,1111,Frayda
Bevin,1111,1111,Bevin
Lillis,1111,1111,Lillis
Duffy,1111,1111,Duffy
Deonne,1111,1111,Deonne
Georgeanne,1111,1111,Georgeanne
Gunilla,1111,1111,Gunilla
Hedi,1111,1111,Hedi
Mina,1111,1111,Mina
Ana,1111,1111,Ana
Daryn,1111,1111,Daryn
Andee,1111,1111,Andee
Roseann,1111,1111,Roseann
Ferd,1111,1111,Ferd
Palmer,1111,1111,Palmer
Adah,1111,1111,Adah
Mehetabel,1111,1111,Mehetabel
Simeon,1111,1111,Simeon
Cristie,1111,1111,Cristie
Wendye,1111,1111,Wendye
Sibbie,1111,1111,Sibbie
Margret,1111,1111,Margret
Talbot,1111,1111,Talbot
Arabel,1111,1111,Arabel
Chicky,1111,1111,Chicky
Sigfried,1111,1111,Sigfried
Aurthur,1111,1111,Aurthur
Ivett,1111,1111,Ivett
Tammi,1111,1111,Tammi
Maisie,1111,1111,Maisie
Padraic,1111,1111,Padraic
Wren,1111,1111,Wren
Jeff,1111,1111,Jeff
Jodie,1111,1111,Jodie
Blair,1111,1111,Blair
Emalia,1111,1111,Emalia
Sigismond,1111,1111,Sigismond
Beatrice,1111,1111,Beatrice
Georgina,1111,1111,Georgina
Moore,1111,1111,Moore
Rozalin,1111,1111,Rozalin
Hayley,1111,1111,Hayley
Alphonso,1111,1111,Alphonso
Claiborne,1111,1111,Claiborne
Tully,1111,1111,Tully
Cesaro,1111,1111,Cesaro
Emmaline,1111,1111,Emmaline
Sean,1111,1111,Sean
Silvanus,1111,1111,Silvanus
Reece,1111,1111,Reece
Thane,1111,1111,Thane
Codi,1111,1111,Codi
Pearl,1111,1111,Pearl
Isaiah,1111,1111,Isaiah
Laurent,1111,1111,Laurent
Arliene,1111,1111,Arliene
Peri,1111,1111,Peri
Vic,1111,1111,Vic
Garrott,1111,1111,Garrott
Kevina,1111,1111,Kevina
Tommie,1111,1111,Tommie
Ilka,1111,1111,Ilka
Allegra,1111,1111,Allegra
Grata,1111,1111,Grata
Eveleen,1111,1111,Eveleen
Iosep,1111,1111,Iosep
Nichole,1111,1111,Nichole
Duff,1111,1111,Duff
Fan,1111,1111,Fan
Easter,1111,1111,Easter
Rasia,1111,1111,Rasia
Kimberly,1111,1111,Kimberly
Lyssa,1111,1111,Lyssa
Barbara-anne,1111,1111,Barbara-anne
Daloris,1111,1111,Daloris
Pauly,1111,1111,Pauly
Rudolph,1111,1111,Rudolph
Cobbie,1111,1111,Cobbie
Florida,1111,1111,Florida
Loleta,1111,1111,Loleta
Ximenes,1111,1111,Ximenes
Ashlen,1111,1111,Ashlen
Pietrek,1111,1111,Pietrek
Helen-elizabeth,1111,1111,Helen-elizabeth
Ula,1111,1111,Ula
Glory,1111,1111,Glory
Lilllie,1111,1111,Lilllie
Casey,1111,1111,Casey
Jarib,1111,1111,Jarib
Carey,1111,1111,Carey
Moira,1111,1111,Moira
Ryun,1111,1111,Ryun
Orelie,1111,1111,Orelie
Morgen,1111,1111,Morgen
Ryley,1111,1111,Ryley
Andrea,1111,1111,Andrea
Noemi,1111,1111,Noemi
Jessalin,1111,1111,Jessalin
Ilsa,1111,1111,Ilsa
Saudra,1111,1111,Saudra
Stevana,1111,1111,Stevana
Gerard,1111,1111,Gerard
Almeria,1111,1111,Almeria
Dillie,1111,1111,Dillie
Louisa,1111,1111,Louisa
Renelle,1111,1111,Renelle
Melvyn,1111,1111,Melvyn
Herman,1111,1111,Herman
Kirsten,1111,1111,Kirsten
Frazer,1111,1111,Frazer
Clovis,1111,1111,Clovis
Gabby,1111,1111,Gabby
Maxie,1111,1111,Maxie
Verla,1111,1111,Verla
Idell,1111,1111,Idell
Greta,1111,1111,Greta
Terry,1111,1111,Terry
Nataniel,1111,1111,Nataniel
Herold,1111,1111,Herold
Cos,1111,1111,Cos
Jefferey,1111,1111,Jefferey
Barbabra,1111,1111,Barbabra
Major,1111,1111,Major
Ced,1111,1111,Ced
Clemence,1111,1111,Clemence
Keane,1111,1111,Keane
Darell,1111,1111,Darell
Penelope,1111,1111,Penelope
Emile,1111,1111,Emile
Netta,1111,1111,Netta
Leonardo,1111,1111,Leonardo
Josey,1111,1111,Josey
Penelope,1111,1111,Penelope
Jessee,1111,1111,Jessee
Cliff,1111,1111,Cliff
Sherwynd,1111,1111,Sherwynd
Gannon,1111,1111,Gannon
Freddy,1111,1111,Freddy
Gavin,1111,1111,Gavin
Ken,1111,1111,Ken
Rubetta,1111,1111,Rubetta
Paloma,1111,1111,Paloma
Vittoria,1111,1111,Vittoria
Irwin,1111,1111,Irwin
Hercules,1111,1111,Hercules
Hammad,1111,1111,Hammad
Allayne,1111,1111,Allayne
Tomlin,1111,1111,Tomlin
Torey,1111,1111,Torey
Enrique,1111,1111,Enrique
Shelby,1111,1111,Shelby
Norine,1111,1111,Norine
Melly,1111,1111,Melly
Teodoor,1111,1111,Teodoor
Sheela,1111,1111,Sheela
Kennedy,1111,1111,Kennedy
Nell,1111,1111,Nell
Tobias,1111,1111,Tobias
Gerty,1111,1111,Gerty
Clemmie,1111,1111,Clemmie
Ricky,1111,1111,Ricky
Myrtie,1111,1111,Myrtie
Jonah,1111,1111,Jonah
Sybilla,1111,1111,Sybilla
Sigismondo,1111,1111,Sigismondo
Rheta,1111,1111,Rheta
Lavina,1111,1111,Lavina
Artair,1111,1111,Artair
Deirdre,1111,1111,Deirdre
Jacqui,1111,1111,Jacqui
Daniele,1111,1111,Daniele
Dorry,1111,1111,Dorry
Malcolm,1111,1111,Malcolm
Virge,1111,1111,Virge
Emeline,1111,1111,Emeline
Melanie,1111,1111,Melanie
Diandra,1111,1111,Diandra
Tarra,1111,1111,Tarra
Dorie,1111,1111,Dorie
Con,1111,1111,Con
Barnett,1111,1111,Barnett
Bren,1111,1111,Bren
Jermaine,1111,1111,Jermaine
Corinne,1111,1111,Corinne
Di,1111,1111,Di
Irma,1111,1111,Irma
Wilmer,1111,1111,Wilmer
Forest,1111,1111,Forest
Crichton,1111,1111,Crichton
Rafael,1111,1111,Rafael
Farly,1111,1111,Farly
Maury,1111,1111,Maury
Madalena,1111,1111,Madalena
Tandi,1111,1111,Tandi
Leone,1111,1111,Leone
Solly,1111,1111,Solly
Lemuel,1111,1111,Lemuel
Frasquito,1111,1111,Frasquito
Chico,1111,1111,Chico
El,1111,1111,El
Rozanne,1111,1111,Rozanne
Sybil,1111,1111,Sybil
Petey,1111,1111,Petey
Gilbert,1111,1111,Gilbert
Ingemar,1111,1111,Ingemar
Rusty,1111,1111,Rusty
Randie,1111,1111,Randie
Kiele,1111,1111,Kiele
Rusty,1111,1111,Rusty
Bettine,1111,1111,Bettine
Jose,1111,1111,Jose
Althea,1111,1111,Althea
Tabina,1111,1111,Tabina
Albert,1111,1111,Albert
Jefferson,1111,1111,Jefferson
Bee,1111,1111,Bee
Dalila,1111,1111,Dalila
Mirna,1111,1111,Mirna
Easter,1111,1111,Easter
Bidget,1111,1111,Bidget
Codie,1111,1111,Codie
Jeffrey,1111,1111,Jeffrey
Earl,1111,1111,Earl
Amabel,1111,1111,Amabel
Ashbey,1111,1111,Ashbey
Arlee,1111,1111,Arlee
Ilysa,1111,1111,Ilysa
Truda,1111,1111,Truda
Briny,1111,1111,Briny
Quint,1111,1111,Quint
Kass,1111,1111,Kass
Friedrick,1111,1111,Friedrick
Goldina,1111,1111,Goldina
Natassia,1111,1111,Natassia
Liva,1111,1111,Liva
Clary,1111,1111,Clary
Mela,1111,1111,Mela
Rafferty,1111,1111,Rafferty
 