bnum,userid,subject,content,ip,regdate,ref
1,Hali,Goldenrod,Apple Jack,116.111.120.250,2020-10-01 22:03,1
2,Twila,Turquoise,Silent Souls (Ovsyanki),254.165.240.155,2022-04-07 16:20,2
3,Nester,Crimson,Bamako,84.180.129.53,2021-05-01 15:44,3
4,Rosanne,Puce,Death Rides a Horse (Da uomo a uomo),198.62.221.102,2022-02-04 3:29,4
5,Ki,Blue,"Bashu, the Little Stranger (Bashu, gharibeye koochak)",126.197.70.228,2020-08-16 17:47,5
6,Pascal,Fuscia,Mía,82.134.217.26,2022-02-07 22:28,6
7,Thom,Violet,"Monster, The (Mostro, Il)",115.159.223.153,2020-08-08 13:12,7
8,Weber,Aquamarine,Kismet,147.6.117.195,2022-01-06 20:27,8
9,Gawain,Puce,Office Killer,31.66.161.228,2021-11-17 2:27,9
10,Reinhold,Violet,"Hidden, The",197.35.241.221,2021-11-13 10:56,10
11,Krishna,Turquoise,Where Angels Fear to Tread,103.79.159.1,2020-09-19 3:44,11
12,Minta,Purple,"Me, Myself and Mum (Les garçons et Guillaume, à table!)",220.23.81.152,2020-07-11 10:35,12
13,Rodge,Mauv,"Scream, Blacula, Scream!",254.142.17.92,2020-11-06 4:07,13
14,Dorella,Aquamarine,Don't Look Now,25.130.117.215,2021-07-10 23:38,14
15,Todd,Blue,"Way Back, The",177.228.242.206,2021-01-18 10:25,15
16,Devon,Indigo,Microphone,244.55.92.33,2022-01-06 3:03,16
17,Lexy,Purple,Superman Returns,155.74.152.171,2020-08-06 22:52,17
18,Maison,Fuscia,Summer of '62 (Cartouches gauloises),61.244.153.177,2020-08-23 18:23,18
19,Bertrando,Teal,Major Dundee,184.64.70.53,2022-01-28 17:43,19
20,Tiffi,Goldenrod,Dragon Crusaders,81.143.143.138,2021-05-03 12:10,20
21,Douglass,Puce,Street Fighter II: The Animated Movie (Sutorîto Faitâ II gekijô-ban),210.197.249.155,2021-06-09 6:24,21
22,Amy,Aquamarine,I'll Be Home For Christmas,98.12.200.152,2021-03-03 7:08,22
23,Dorothy,Aquamarine,Stevie,80.155.33.96,2021-08-02 4:53,23
24,Odelle,Puce,"Bread, Love and Dreams (Pane, amore e fantasia)",175.8.214.168,2021-02-05 2:23,24
25,Kerianne,Turquoise,Designing Woman,160.150.95.162,2021-06-07 2:39,25
26,Mathilde,Orange,One Missed Call,98.130.116.174,2021-06-20 2:28,26
27,Maurita,Crimson,Flaming Creatures,24.54.58.117,2022-03-07 13:43,27
28,Raf,Turquoise,State of the Union,232.244.131.61,2020-12-09 16:15,28
29,Tandie,Puce,"Great Buck Howard, The",255.20.250.112,2021-07-12 1:59,29
30,Goldina,Pink,"Big Trees, The",216.114.54.126,2020-07-20 15:17,30
31,Hattie,Purple,Children (Börn),184.125.250.4,2020-08-25 1:04,31
32,Mary,Puce,"Haunted House, The",210.73.117.10,2021-10-16 8:13,32
33,Oriana,Indigo,Planet Ocean,59.220.94.59,2021-05-27 14:02,33
34,Ainslee,Green,Manhattan Murder Mystery,210.60.223.124,2021-08-01 23:21,34
35,Jacenta,Purple,"Taste of Others, The (Le goût des autres)",121.74.13.1,2021-09-10 10:18,35
36,Coral,Blue,Project A 2 ('A' gai wak juk jap),63.50.52.226,2020-06-30 22:11,36
37,Brnaba,Red,Fast Lane,22.112.252.54,2021-01-29 13:49,37
38,Louisa,Turquoise,"Ten Shrews, The (Kymmenen riivinrautaa)",17.240.211.19,2021-08-09 4:24,38
39,Channa,Teal,Love Is a Woman (Death Is a Woman),147.86.82.19,2020-08-18 17:32,39
40,Natividad,Puce,Playing by Heart,77.3.29.189,2021-07-15 7:35,40
41,Damita,Turquoise,Scenes from the Class Struggle in Beverly Hills,209.73.28.117,2020-08-02 20:27,41
42,Miran,Goldenrod,"Love, Marilyn",202.125.63.186,2022-02-04 13:30,42
43,Rori,Maroon,"Selfish Giant, The",44.55.196.225,2021-08-23 17:03,43
44,Ewan,Indigo,Gigi,208.13.28.209,2021-07-13 11:22,44
45,Felizio,Orange,Felicia's Journey,107.1.193.178,2020-10-07 7:10,45
46,Tristan,Yellow,Somersault,207.163.164.41,2022-01-25 14:23,46
47,Aile,Yellow,That Sugar Film,231.212.126.229,2021-03-17 23:00,47
48,Carena,Fuscia,Manufacturing Reality: Slavoj Zizek and the Reality of the Virtual (Slavoj Zizek: The Reality of the Virtual),144.106.182.97,2021-04-26 14:50,48
49,Gale,Blue,Bridesmaids,206.20.214.164,2020-06-08 1:30,49
50,Jasmina,Green,Fern flowers (Fleur de fougère),2.51.70.212,2020-12-20 17:39,50
51,Barb,Maroon,Tu£sday,11.198.188.12,2020-06-09 14:27,51
52,Natal,Khaki,Monty Python and the Holy Grail,60.25.56.214,2022-03-31 11:27,52
53,Oswald,Fuscia,Dear John,111.121.8.77,2020-11-24 13:56,53
54,Elizabet,Pink,Ghost in the Shell 2: Innocence (a.k.a. Innocence) (Inosensu),145.180.44.206,2021-01-24 19:10,54
55,Krystalle,Violet,"She No Longer Talks, She Shoots",173.182.218.105,2020-08-03 3:43,55
56,Norman,Turquoise,Watermark,91.71.195.199,2022-02-27 18:41,56
57,Andie,Turquoise,"Land Girls, The",90.236.248.168,2020-12-17 19:21,57
58,Mace,Red,"Education of Charlie Banks, The",22.163.217.69,2021-07-17 11:54,58
59,Jocelyn,Maroon,Crisis (Kris),157.163.243.85,2021-05-26 0:02,59
60,Janene,Aquamarine,Green Chair (Noksaek uija),249.229.65.104,2021-07-03 5:36,60
61,Roseann,Violet,"Oxford Murders, The",12.99.181.190,2021-06-13 4:48,61
62,Aurie,Blue,Fresh Guacamole,1.1.236.60,2020-05-03 23:52,62
63,Tybalt,Purple,"Blank Generation, The",237.135.196.185,2021-05-13 19:31,63
64,Evaleen,Red,Love Is a Woman (Death Is a Woman),18.32.143.111,2022-03-20 5:16,64
65,Jase,Blue,Mobsters,118.82.42.160,2020-11-12 23:19,65
66,Adolpho,Orange,Jump Tomorrow,195.215.2.49,2021-12-22 0:36,66
67,Jeremy,Mauv,"World Before Her, The",97.58.75.137,2021-10-31 23:57,67
68,Sheri,Pink,To Kill a Mockingbird,20.160.229.85,2022-01-04 23:52,68
69,Benito,Fuscia,Two Shots Fired,251.158.200.76,2022-03-08 20:14,69
70,Andros,Red,Deranged,253.86.133.71,2020-08-17 15:03,70
71,Hanson,Blue,200 Cigarettes,206.175.196.92,2020-07-18 22:51,71
72,Floyd,Yellow,"Winning of Barbara Worth, The",206.47.106.230,2020-08-08 18:06,72
73,Rod,Mauv,Konopielka,93.142.24.134,2021-10-09 3:24,73
74,Lolita,Khaki,Cut,48.91.197.33,2020-05-10 11:41,74
75,Fannie,Teal,Land of Milk and Honey (Pays de cocagne),39.97.21.134,2020-09-14 21:49,75
76,Thibaud,Turquoise,Bab'Aziz -The Prince Who Contemplated His Soul,194.35.70.73,2021-05-30 4:40,76
77,Gianni,Pink,Boiling Point (3-4 x jûgatsu),114.72.250.193,2021-06-02 14:27,77
78,Arleyne,Teal,Giants and Toys (Kyojin to gangu),50.115.83.159,2021-04-03 14:42,78
79,Nathanil,Teal,Boy Meets Girl,42.174.8.226,2022-01-20 7:36,79
80,Adele,Red,"Wash, The",230.246.238.20,2020-11-01 3:46,80
81,Winny,Pink,Prom Night,236.248.147.207,2022-03-02 3:34,81
82,Hermine,Aquamarine,Make Like a Thief (Juokse kuin varas),50.110.124.80,2022-01-08 7:11,82
83,Ram,Orange,Runaway,158.16.128.195,2020-11-12 1:30,83
84,Hamel,Puce,Blackmailed,97.162.67.103,2020-08-31 8:25,84
85,Sergent,Green,Chasing Christmas,217.173.117.122,2020-06-15 2:25,85
86,Minta,Fuscia,Final Destination 3,13.94.245.118,2021-11-24 19:47,86
87,Norri,Fuscia,Bottle Shock,101.61.189.116,2021-05-27 22:10,87
88,Athena,Goldenrod,The Valley of Gwangi,25.190.129.193,2021-04-02 14:52,88
89,Deeanne,Puce,"Band Wagon, The",151.147.224.152,2021-06-22 7:50,89
90,Korie,Blue,Warlock,153.17.80.169,2022-03-01 12:42,90
91,Stewart,Blue,Game 6,225.120.33.104,2020-05-11 18:48,91
92,Rosalia,Khaki,Not Another Teen Movie,235.86.130.151,2021-08-02 19:27,92
93,Rolland,Maroon,Double Happiness,255.11.77.172,2022-03-16 16:34,93
94,Elmo,Khaki,Battleship,228.150.111.249,2022-02-05 5:52,94
95,Ettore,Aquamarine,Stranger in the House,214.128.163.127,2020-12-17 2:28,95
96,Tobe,Fuscia,"New Country, The (Det nya landet)",252.228.50.108,2020-07-23 10:58,96
97,Bron,Pink,Beck - Familjen,120.208.186.72,2020-05-11 19:06,97
98,Selena,Aquamarine,Jungleground,86.40.149.53,2021-07-09 3:11,98
99,Theobald,Purple,Be Kind Rewind,48.4.220.30,2021-09-24 15:39,99
100,Lindy,Yellow,Blood: The Last Vampire,230.0.214.120,2021-08-06 17:40,100
101,Hermione,Orange,"Goddess, The (Shen nu)",125.192.222.234,2021-10-28 18:43,101
102,Xenos,Turquoise,Storm,22.35.25.177,2020-12-31 23:50,102
103,Susie,Yellow,"World According to Sesame Street, The",25.86.0.117,2020-07-15 10:28,103
104,Mignon,Pink,Leningrad Cowboys Go America,79.149.202.57,2020-10-09 21:26,104
105,Calv,Pink,Dragon Inn (Sun lung moon hak chan),4.26.30.63,2020-06-30 5:50,105
106,Druci,Indigo,"Ten, The",65.59.106.163,2020-06-16 10:50,106
107,Nickolaus,Turquoise,National Velvet,44.147.98.13,2020-07-14 17:54,107
108,Jannel,Khaki,Black Moon,234.247.236.135,2021-09-22 0:52,108
109,Audry,Puce,Quadrille,93.220.252.95,2020-11-05 2:10,109
110,Audie,Violet,"Bishop's Wife, The",160.136.67.176,2021-07-29 14:43,110
111,Jodee,Red,Don't Go Breaking My Heart (Daan gyun naam yu),120.27.163.127,2021-11-09 1:44,111
112,Melesa,Teal,Starsky & Hutch,231.200.115.155,2021-03-01 12:03,112
113,Kassia,Mauv,Vivien Leigh: Scarlett and Beyond,62.222.234.211,2021-02-25 13:55,113
114,Bernie,Purple,National Treasure: Book of Secrets,222.59.14.22,2022-01-14 21:01,114
115,Carilyn,Goldenrod,Krakatoa: The Last Days,111.128.237.34,2020-09-26 6:07,115
116,Gloria,Goldenrod,Walk Hard: The Dewey Cox Story,45.193.114.100,2021-06-23 17:40,116
117,Demetrius,Aquamarine,Grumpy Cat's Worst Christmas Ever,129.180.115.178,2022-03-05 16:26,117
118,Dmitri,Green,Footprints on the Moon (Le orme) (Primal Impulse),193.213.168.115,2020-08-14 17:40,118
119,Jocelyn,Fuscia,Deep Water,251.89.117.120,2020-09-01 1:19,119
120,Eirena,Fuscia,"Red Baron, The (Der rote Baron)",228.28.169.77,2022-04-02 12:35,120
121,Terencio,Blue,Lowlands (Tiefland),235.94.65.35,2020-10-12 8:20,121
122,Ingelbert,Blue,House by the River,4.85.163.2,2020-07-31 14:12,122
123,Charlotte,Turquoise,The Blood of Fu Manchu,25.89.135.77,2020-06-17 13:20,123
124,Kain,Pink,Blue,189.109.37.168,2021-08-22 15:56,124
125,Stanford,Violet,Double Dragon,246.146.129.165,2020-07-24 2:25,125
126,Jeremiah,Fuscia,"Whisperers, The",109.246.220.193,2020-08-08 22:00,126
127,Pru,Violet,"Distant Voices, Still Lives",170.12.129.237,2021-07-08 7:11,127
128,Christophorus,Violet,Lottery Ticket,27.137.165.229,2022-02-17 23:15,128
129,Finn,Red,Liberty,49.34.46.135,2021-11-10 1:16,129
130,Hammad,Khaki,Entr'acte,154.23.134.68,2020-09-05 10:29,130
131,Ailina,Crimson,Watership Down,0.29.76.227,2021-05-15 5:55,131
132,Tammie,Purple,Escape,155.131.105.148,2022-02-02 21:16,132
133,Jamill,Pink,"Tango Lesson, The",70.0.101.12,2020-08-04 1:40,133
134,Tyrone,Turquoise,"Texas Chainsaw Massacre, The",55.146.179.39,2021-01-30 4:51,134
135,Catie,Mauv,One Missed Call (Chakushin ari),40.201.29.195,2021-08-03 10:02,135
136,Chevalier,Blue,Wisdom,125.90.41.93,2021-03-17 7:40,136
137,Maybelle,Crimson,"Sound of Thunder, A",28.155.119.76,2020-12-23 17:18,137
138,Adrianna,Red,Mother Night,242.136.12.139,2020-10-12 20:25,138
139,Shaun,Teal,Alice in Wonderland,6.32.88.62,2020-12-11 20:01,139
140,Ilsa,Puce,"Snails, The (Escargots, Les)",211.215.129.71,2020-11-10 10:05,140
141,Genia,Khaki,My Soul to Take,202.190.83.96,2020-09-15 7:33,141
142,Helenka,Yellow,Arsène Lupin,231.216.253.33,2021-05-20 19:09,142
143,Kacie,Crimson,Not Cool,161.7.44.82,2021-10-25 9:05,143
144,Wiatt,Purple,Winter Break,82.62.88.227,2021-04-21 8:36,144
145,Klaus,Violet,Stage Struck,112.192.236.6,2020-08-10 22:43,145
146,Erda,Purple,Recollections of the Yellow House (Recordações da Casa Amarela),115.30.185.42,2020-11-30 10:39,146
147,Risa,Fuscia,What A Man,199.145.184.1,2022-04-09 15:49,147
148,Linnet,Blue,Britannia Hospital,208.112.165.123,2021-06-15 15:40,148
149,Cly,Turquoise,Remember Sunday,110.163.101.147,2021-12-21 7:39,149
150,Candice,Yellow,Greyfriars Bobby (a.k.a. Greyfriars Bobby: The True Story of a Dog),74.19.160.69,2021-10-31 1:41,150
151,Quintin,Green,Why Not? (Eijanaika),136.38.116.174,2020-10-11 12:40,151
152,Jordana,Pink,Ordinary People,114.200.244.199,2020-05-03 4:04,152
153,Sophia,Fuscia,"Girl He Left Behind, The",228.103.38.73,2021-07-21 17:15,153
154,Debra,Turquoise,Asfalto,185.48.243.156,2021-06-17 1:53,154
155,Eula,Red,Fire Down Below,138.80.212.228,2021-06-04 10:50,155
156,Tracy,Blue,"Amelie (Fabuleux destin d'Amélie Poulain, Le)",50.123.24.93,2021-02-07 21:38,156
157,Danie,Blue,Yumurta (Egg),44.86.93.89,2021-03-16 20:24,157
158,Sonnnie,Purple,"Young Philadelphians, The",168.135.113.27,2021-05-05 14:47,158
159,Dene,Maroon,"I Love You, Beth Cooper",158.56.25.216,2022-01-13 5:11,159
160,Thor,Mauv,Orderly or Disorderly (Be Tartib ya Bedoun-e Tartib),250.74.36.61,2022-01-27 0:42,160
161,Virgilio,Turquoise,Miss Congeniality 2: Armed and Fabulous,31.41.47.164,2021-08-07 7:31,161
162,Kenon,Crimson,Time and Tide (Seunlau Ngaklau),208.133.74.133,2020-12-31 7:36,162
163,Celene,Green,Ainoat Oikeat,69.105.213.50,2020-12-20 7:25,163
164,Marya,Blue,Digging for Fire,164.16.42.107,2020-09-01 23:15,164
165,Giacomo,Mauv,Saw IV,124.103.12.223,2020-12-18 13:29,165
166,Sharron,Green,"Swell Season, The",124.184.67.180,2021-05-16 0:28,166
167,Abbot,Teal,Åsa-Nisse - Wälkom to Knohult,225.206.19.32,2020-11-14 2:22,167
168,Enriqueta,Teal,"Pleasure Seekers, The",239.93.20.101,2022-01-18 2:52,168
169,Vida,Red,"Monster in Paris, A (Un monstre à Paris)",151.167.131.174,2021-04-13 7:58,169
170,Kial,Pink,"Salton Sea, The",137.63.244.1,2020-10-08 17:22,170
171,Pauly,Mauv,Days of Grace (Días de gracia) ,225.166.41.114,2021-03-31 21:47,171
172,Bee,Yellow,Lo,110.1.120.139,2021-09-23 15:36,172
173,Kerwinn,Violet,What If,217.211.249.235,2021-04-19 8:55,173
174,Babbie,Green,Another Harvest Moon,94.62.40.161,2020-07-12 14:47,174
175,Frasco,Pink,Monster,66.106.177.152,2020-08-22 0:37,175
176,Anatola,Pink,Indochine,236.121.28.120,2022-01-21 22:32,176
177,Lannie,Khaki,Shinjuku Incident (San suk si gin),232.51.184.184,2021-06-30 22:01,177
178,Alene,Yellow,Sharpe's Sword,73.136.185.213,2022-01-12 22:44,178
179,Micky,Goldenrod,Christmas with the Kranks,21.95.225.132,2022-01-10 23:34,179
180,Michail,Purple,"Ring Finger, The (L'annulaire)",53.203.116.73,2021-05-16 14:55,180
181,Brigitte,Yellow,"Object of Beauty, The",143.238.1.71,2021-06-06 6:07,181
182,Gayler,Orange,True Crime,45.32.174.134,2022-02-26 3:27,182
183,Andy,Pink,Unstoppable,110.88.84.153,2020-11-22 11:50,183
184,Wash,Teal,"Breath, The (Nefes: Vatan sagolsun)",1.154.142.6,2021-10-24 12:29,184
185,Cornelia,Violet,Let the Fire Burn,246.67.47.153,2020-08-04 23:02,185
186,Ophelia,Violet,Paid,3.57.24.37,2021-03-11 21:21,186
187,Giulia,Indigo,AKA,245.87.231.4,2021-06-14 0:09,187
188,Bartholomeus,Green,"Sword and the Dragon, The (Ilya Muromets)",95.196.12.98,2021-09-15 8:26,188
189,Annamarie,Fuscia,Two Friends,222.113.166.237,2021-03-07 0:10,189
190,Tadio,Red,Sixpack (Pussikaljaelokuva),99.27.204.33,2022-02-11 18:22,190
191,Codi,Teal,Cyberjack (Virtual Assassin),69.215.181.222,2021-06-01 14:24,191
192,Norah,Violet,Grown Ups,25.78.109.153,2020-10-22 10:46,192
193,Brier,Turquoise,Gosford Park,92.77.90.227,2021-01-17 19:52,193
194,Coraline,Yellow,Hamlet,183.51.62.211,2021-03-19 23:01,194
195,Willetta,Fuscia,"Desperadoes, The",18.40.242.74,2021-08-16 14:14,195
196,Justinian,Orange,Under the Rainbow,175.154.69.106,2021-08-13 21:28,196
197,Danika,Yellow,"Carter, The",186.42.26.176,2021-11-01 19:12,197
198,Madella,Purple,Shinjuku Incident (San suk si gin),31.255.56.185,2022-01-31 12:43,198
199,Cathyleen,Green,"Run, Man, Run! (Corri uomo corri)",16.19.200.187,2022-02-25 13:14,199
200,Enrika,Aquamarine,Two Much,39.16.93.246,2022-01-02 1:25,200
201,Sheffield,Purple,"Gentle Woman, A (Une femme douce)",179.193.188.17,2022-03-10 4:58,201
202,Elle,Orange,Linsanity,166.108.180.52,2021-10-31 19:51,202
203,Curr,Indigo,"Hurricane, The",203.46.61.142,2021-10-23 20:28,203
204,Lina,Teal,Isn't She Great?,95.23.144.209,2022-04-07 19:31,204
205,Joaquin,Puce,"Adventures of Rocky and Bullwinkle, The",208.56.141.251,2022-01-26 19:29,205
206,Basil,Teal,Single White Female 2: The Psycho,161.239.138.7,2021-03-13 18:09,206
207,Neile,Teal,Don McKay,179.183.13.199,2020-08-31 19:26,207
208,Carmelia,Puce,Washington Square,17.14.156.219,2020-09-22 2:32,208
209,Oralie,Red,V. I. Warshawski,127.49.164.144,2021-01-01 14:24,209
210,Wendeline,Violet,Pecker,151.17.170.204,2022-03-24 13:23,210
211,Libbey,Khaki,"Bigger, Stronger, Faster*",137.29.23.156,2021-10-29 19:26,211
212,Ned,Indigo,"Strange Case of Angelica, The (O Estranho Caso de Angélica)",89.128.207.252,2021-12-08 6:33,212
213,Adlai,Indigo,Slumdog Millionaire,96.11.31.173,2020-11-22 1:06,213
214,Alanson,Violet,Only Two Can Play,186.102.39.201,2022-03-22 23:31,214
215,Katine,Maroon,"Dictator, The",30.22.84.188,2021-10-30 1:44,215
216,Ronnica,Turquoise,"Girl in the Red Velvet Swing, The",88.253.112.117,2021-10-02 15:20,216
217,Walker,Orange,The Chase,49.171.104.155,2021-09-10 22:54,217
218,Bertine,Teal,Ice Age,206.132.220.228,2022-02-26 14:18,218
219,Wilfrid,Red,Savage Grace,248.198.137.253,2020-05-11 3:02,219
220,Norrie,Purple,"Postman, The",197.12.252.126,2022-03-07 1:54,220
221,Dionis,Fuscia,"Mother's Courage: Talking Back to Autism, A",151.216.210.23,2021-12-09 16:24,221
222,Abigale,Puce,Happy Birthday to Me,52.23.227.200,2021-03-20 23:13,222
223,Inigo,Goldenrod,Basket Case,175.151.147.234,2021-03-19 9:17,223
224,Shena,Turquoise,Dragonlance: Dragons of Autumn Twilight,3.38.2.22,2021-09-25 23:16,224
225,Batsheva,Maroon,A Short History of Decay,33.17.71.12,2020-11-09 23:52,225
226,Bel,Yellow,Jinxed!,206.26.99.70,2020-09-09 13:41,226
227,Idalina,Yellow,The White Haired Witch of Lunar Kingdom,162.109.241.149,2020-05-09 2:43,227
228,Anjela,Goldenrod,"Jimmy Rosenberg: The Father, the Son & the Talent",207.64.72.101,2022-03-21 22:34,228
229,Victoria,Maroon,Uprise,91.141.138.28,2020-05-17 3:45,229
230,Marie-jeanne,Khaki,"Certain Kind Of Death, A",81.48.100.66,2020-07-08 18:02,230
231,Gretal,Teal,There Will Be Blood,179.36.193.246,2020-10-02 14:59,231
232,Kendra,Turquoise,"Samouraï, Le (Godson, The)",76.153.23.73,2020-12-22 15:51,232
233,Sven,Green,Police Academy 2: Their First Assignment,249.38.230.61,2021-08-16 19:28,233
234,Harcourt,Fuscia,[REC],73.236.233.227,2022-02-21 12:41,234
235,Tawnya,Indigo,"Gambler, The",26.68.56.161,2021-08-22 16:34,235
236,Mireielle,Purple,Movie Crazy,158.192.105.30,2021-01-08 14:30,236
237,Sascha,Crimson,Freedom Writers,145.8.248.42,2021-03-16 3:47,237
238,Daune,Mauv,That Man from Rio,7.69.161.5,2021-12-20 0:12,238
239,Nikolaus,Fuscia,Non-Stop,136.164.166.2,2020-05-28 17:20,239
240,Conrade,Indigo,Big Bad Love,13.210.110.38,2020-06-16 23:31,240
241,Connie,Maroon,Yella,59.233.61.30,2021-01-02 4:18,241
242,Rockie,Fuscia,Of Mice and Men,195.198.246.9,2021-03-25 22:49,242
243,Murvyn,Orange,Santa Claus Is a Stinker (Le Père Noël est une ordure),49.47.225.25,2021-12-09 10:43,243
244,Lusa,Mauv,On the Run,219.82.246.173,2021-10-22 23:34,244
245,Romola,Crimson,E.T. the Extra-Terrestrial,6.189.253.46,2020-08-28 3:26,245
246,Lucho,Crimson,King of Jazz,12.243.49.218,2021-05-25 2:47,246
247,Howie,Red,Final Fantasy: The Spirits Within,2.181.222.187,2022-04-02 7:12,247
248,Pooh,Green,"It's a Mad, Mad, Mad, Mad World",17.216.237.225,2020-09-10 2:49,248
249,Tybi,Maroon,Eureka,42.186.53.1,2021-01-14 17:16,249
250,Carlita,Green,Abbott and Costello Meet the Invisible Man,80.17.240.89,2020-09-19 6:20,250
251,Hamnet,Mauv,"Suitor, The (Soupirant, Le)",23.153.29.14,2021-12-26 20:09,251
252,Nariko,Orange,Creep Van,108.78.89.202,2021-02-25 23:11,252
253,Sigismund,Red,Lions For Lambs,181.222.209.103,2021-05-03 9:54,253
254,Karel,Purple,"Chess Players, The (Shatranj Ke Khilari)",161.157.81.101,2020-06-29 9:17,254
255,Niko,Red,How to Die in Oregon,252.138.137.97,2022-02-25 10:33,255
256,Fara,Green,For Queen and Country,201.128.160.244,2020-05-31 19:14,256
257,Jeannette,Yellow,Gangs of Wasseypur,25.131.100.168,2021-01-30 3:31,257
258,Robinette,Crimson,Mr. Turner,152.230.41.54,2020-11-20 6:23,258
259,Booth,Aquamarine,"Lawless Breed, The",197.141.161.88,2021-07-26 0:40,259
260,Enrica,Blue,And Nobody Weeps for Me (Und keiner weint mir nach),60.172.219.36,2021-04-29 14:46,260
261,Petronella,Goldenrod,Backstairs (Hintertreppe),84.31.114.234,2020-06-10 8:24,261
262,Immanuel,Maroon,Misconception,220.15.66.14,2020-06-02 20:36,262
263,Frayda,Red,Town Without Pity,128.250.15.172,2021-10-05 16:52,263
264,Bevin,Pink,Winter Passing,30.139.72.132,2021-12-15 16:44,264
265,Lillis,Purple,Feast of July,207.44.21.182,2021-12-12 9:49,265
266,Duffy,Aquamarine,Welcome to Woop-Woop,89.168.207.3,2021-02-18 14:33,266
267,Deonne,Turquoise,Tie Me Up! Tie Me Down! (¡Átame!),177.32.19.242,2020-07-03 15:43,267
268,Georgeanne,Yellow,Hue and Cry,66.134.4.99,2020-12-18 22:23,268
269,Gunilla,Fuscia,Zatoichi and the Chess Expert (Zatôichi Jigoku tabi) (Zatôichi 12),101.34.118.166,2021-03-09 17:05,269
270,Hedi,Puce,"Paperboy, The",181.105.199.83,2021-11-08 14:33,270
271,Mina,Fuscia,Abbott and Costello Meet the Mummy,238.182.136.144,2020-06-17 21:12,271
272,Ana,Goldenrod,When We Leave (Die Fremde),90.3.53.79,2020-05-26 19:51,272
273,Daryn,Yellow,"Shrink Is In, The",41.72.189.153,2020-08-12 5:14,273
274,Andee,Puce,Strangeland,29.206.48.42,2021-06-08 10:29,274
275,Roseann,Turquoise,Ellen DeGeneres: The Beginning,95.97.196.213,2022-02-13 7:01,275
276,Ferd,Maroon,Final Analysis,31.102.226.253,2021-03-25 1:02,276
277,Palmer,Green,Brigadoon,89.166.126.153,2021-05-26 21:31,277
278,Adah,Yellow,"Murderous Maids (Blessures assassines, Les)",150.57.220.68,2021-09-06 10:33,278
279,Mehetabel,Blue,Birth of the Living Dead,249.20.175.80,2021-08-03 6:11,279
280,Simeon,Khaki,High School Confidential!,44.23.213.181,2020-12-28 9:20,280
281,Cristie,Maroon,Bound for Glory,167.218.131.230,2020-07-10 0:25,281
282,Wendye,Turquoise,A Short History of Decay,120.191.127.202,2021-06-29 4:26,282
283,Sibbie,Crimson,On the Town,40.228.19.127,2020-10-31 14:24,283
284,Margret,Yellow,"Candidate, The (Kandidaten)",24.191.196.84,2020-12-12 11:03,284
285,Talbot,Blue,Elephants Dream,175.203.216.137,2020-05-16 8:45,285
286,Arabel,Violet,Carriers,95.62.123.177,2020-09-23 14:56,286
287,Chicky,Aquamarine,Riot on Sunset Strip,97.254.25.228,2020-11-23 2:17,287
288,Sigfried,Purple,I Am Jesus,54.46.20.123,2021-04-30 0:48,288
289,Aurthur,Puce,"Eel, The (Unagi)",229.228.153.124,2022-03-09 7:31,289
290,Ivett,Violet,Moonbase,63.2.195.160,2021-02-13 18:45,290
291,Tammi,Yellow,Visual Acoustics,62.116.51.58,2020-08-23 11:28,291
292,Maisie,Fuscia,1001 Nights,76.93.42.189,2021-08-05 10:59,292
293,Padraic,Khaki,Cartoon All-Stars to the Rescue,148.191.213.64,2021-11-22 1:37,293
294,Wren,Green,"Champion, The",105.139.208.214,2021-09-25 14:37,294
295,Jeff,Maroon,Rent-A-Cop,241.196.162.194,2020-08-30 10:25,295
296,Jodie,Blue,L.I.E.,171.45.168.241,2020-07-31 1:57,296
297,Blair,Indigo,The Robot vs. the Aztec Mummy,19.176.52.181,2021-02-22 11:27,297
298,Emalia,Goldenrod,Nude for Satan (Nuda per Satana),4.22.12.243,2021-05-10 21:27,298
299,Sigismond,Indigo,Hukkle,101.224.19.47,2022-01-27 18:11,299
300,Beatrice,Purple,"Lot Like Love, A",118.98.107.173,2022-01-27 5:03,300
301,Georgina,Indigo,Willow Creek,164.29.7.62,2021-09-19 23:54,301
302,Moore,Fuscia,Numbskull Emptybrook in the Army (Uuno Turhapuro armeijan leivissä),101.72.70.242,2021-06-02 5:35,302
303,Rozalin,Khaki,"Valley, The (Obscured by Clouds) (La vallée)",218.240.49.197,2021-06-27 1:15,303
304,Hayley,Teal,Swamp Water,71.131.53.196,2020-07-14 5:56,304
305,Alphonso,Goldenrod,London River,98.113.162.111,2020-11-25 7:03,305
306,Claiborne,Purple,Vasermil,56.233.164.201,2020-06-25 0:02,306
307,Tully,Green,On Golden Pond,136.171.253.168,2021-07-27 19:19,307
308,Cesaro,Purple,Sebastian,18.18.214.218,2020-07-18 18:47,308
309,Emmaline,Indigo,Crossroads,85.138.241.110,2020-10-06 21:45,309
310,Sean,Teal,Hometown Legend,224.215.214.205,2022-04-03 0:00,310
311,Silvanus,Puce,Cruel Intentions 2 (Cruel Intentions 2: Manchester Prep),15.97.50.154,2021-03-06 9:11,311
312,Reece,Crimson,Prospero's Books,252.78.13.89,2021-11-17 9:59,312
313,Thane,Mauv,"Screaming Man, A (Un homme qui crie)",253.119.108.177,2021-04-20 14:58,313
314,Codi,Pink,Walk Hard: The Dewey Cox Story,135.178.56.48,2020-08-19 5:24,314
315,Pearl,Orange,Backflash (Backflash Blues),96.170.15.183,2020-12-10 10:22,315
316,Isaiah,Khaki,I'll Follow You Down,103.16.67.16,2021-10-06 1:00,316
317,Laurent,Crimson,Noises Off...,174.134.153.145,2021-08-17 6:02,317
318,Arliene,Orange,"Class, The (Klass)",123.34.223.172,2020-12-30 20:55,318
319,Peri,Crimson,Pigs and Battleships (Hogs and Warships) (The Flesh Is Hot) (Buta to gunkan),89.183.132.207,2021-01-16 9:01,319
320,Vic,Purple,Cesar Chavez,20.144.228.20,2020-11-22 14:22,320
321,Garrott,Orange,Vacancy,211.216.3.223,2020-05-19 13:37,321
322,Kevina,Violet,Trade,228.3.99.14,2020-11-09 20:05,322
323,Tommie,Crimson,"Thing About My Folks, The",250.134.147.69,2022-01-27 1:14,323
324,Ilka,Aquamarine,Tabu: A Story of the South Seas,244.37.213.76,2021-09-19 11:53,324
325,Allegra,Violet,Linewatch,216.90.33.84,2021-02-26 23:26,325
326,Grata,Crimson,100 Girls,96.209.5.98,2022-02-14 8:37,326
327,Eveleen,Purple,Kolmistaan,51.105.232.46,2022-03-03 4:19,327
328,Iosep,Maroon,13 Beloved (13 game sayawng),63.93.57.204,2020-05-12 1:02,328
329,Nichole,Puce,Rachel Getting Married,9.188.254.74,2022-01-10 4:08,329
330,Duff,Fuscia,New York Stories,63.109.209.108,2020-09-06 10:07,330
331,Fan,Maroon,News from Home,224.16.67.56,2020-09-12 6:01,331
332,Easter,Red,Benigni,190.250.89.204,2021-01-09 21:31,332
333,Rasia,Goldenrod,Arena,175.223.32.83,2021-03-11 2:04,333
334,Kimberly,Puce,Side Effects,238.208.229.67,2022-04-01 2:17,334
335,Lyssa,Orange,"Manitou, The",29.61.31.252,2022-01-06 20:09,335
336,Barbara-anne,Goldenrod,Cowboy Bebop,208.105.126.4,2022-04-01 21:33,336
337,Daloris,Goldenrod,Dinosaurs: A Fun Filled Trip Back in Time,201.208.187.89,2020-09-30 18:41,337
338,Pauly,Teal,Babes in Arms,156.82.110.138,2021-02-08 4:09,338
339,Rudolph,Teal,Don't Go In the Woods,11.99.132.178,2020-10-19 12:35,339
340,Cobbie,Maroon,Crime After Crime,167.25.12.125,2020-09-06 23:23,340
341,Florida,Purple,Arlington Road,122.88.46.245,2020-09-16 17:17,341
342,Loleta,Khaki,Northwest Passage,154.97.211.108,2022-04-11 22:31,342
343,Ximenes,Yellow,Before the Fall (NaPolA - Elite für den Führer),235.10.63.250,2021-04-09 21:59,343
344,Ashlen,Purple,Witness to Murder,156.10.211.192,2022-01-26 23:56,344
345,Pietrek,Goldenrod,"Canterbury Tales, The (I racconti di Canterbury)",242.27.97.205,2021-05-16 21:33,345
346,Helen-elizabeth,Indigo,Safe Conduct (Laissez-Passer),167.218.213.165,2020-08-16 11:58,346
347,Ula,Red,"Girl with the Red Scarf, The (Selvi boylum, al yazmalim)",18.220.155.147,2022-03-02 0:41,347
348,Glory,Purple,"Bar at the Victoria Station, A (Bar na Victorii)",131.102.108.144,2021-04-11 3:09,348
349,Lilllie,Orange,Lawnmower Man 2: Beyond Cyberspace,61.86.69.95,2020-05-01 17:18,349
350,Casey,Indigo,Madame Butterfly,76.157.163.248,2021-12-13 4:29,350
351,Jarib,Orange,Kokowääh,196.216.11.61,2020-08-27 2:46,351
352,Carey,Purple,Children of the Corn III,245.209.35.39,2021-01-19 16:11,352
353,Moira,Red,Immediate Family,75.155.191.200,2020-08-19 8:06,353
354,Ryun,Pink,"Moth, The (Cma)",32.72.69.120,2020-08-27 14:24,354
355,Orelie,Indigo,God's Gun,65.55.254.0,2022-03-21 19:45,355
356,Morgen,Aquamarine,"Last Voyage, The",55.61.68.174,2021-08-02 8:11,356
357,Ryley,Crimson,"Witnesses, The (Les témoins)",118.112.113.131,2020-12-13 23:46,357
358,Andrea,Maroon,Australia,94.34.198.36,2020-05-14 20:53,358
359,Noemi,Violet,Burn After Reading,63.155.141.148,2021-09-12 5:53,359
360,Jessalin,Pink,In Darkness,39.52.200.154,2020-08-06 15:58,360
361,Ilsa,Khaki,The Chaos Class Failed the Class,59.248.171.215,2020-07-31 14:59,361
362,Saudra,Red,Jeremiah Johnson,24.99.18.151,2020-09-16 13:36,362
363,Stevana,Pink,"Windmill Movie, The",120.176.10.129,2021-04-29 5:52,363
364,Gerard,Maroon,Choose Me,115.216.112.240,2021-06-18 18:39,364
365,Almeria,Mauv,Apostle Peter and The Last Supper,24.180.11.223,2020-05-01 19:09,365
366,Dillie,Khaki,Hangman's House,52.139.222.88,2021-02-14 9:28,366
367,Louisa,Violet,Supercop 2 (Project S) (Chao ji ji hua),200.167.129.43,2021-12-08 17:17,367
368,Renelle,Indigo,Car Bonus (Autobonus),77.242.178.247,2021-03-31 2:28,368
369,Melvyn,Teal,Morituri,153.100.30.9,2021-08-16 8:15,369
370,Herman,Crimson,"Apple Dumpling Gang Rides Again, The",59.22.252.62,2021-08-09 22:46,370
371,Kirsten,Indigo,Anita,170.65.13.222,2021-02-07 23:32,371
372,Frazer,Mauv,Drained (O cheiro do Ralo),99.240.60.19,2020-06-18 20:24,372
373,Clovis,Orange,"Steam Experiment, The",219.60.247.173,2021-12-16 12:25,373
374,Gabby,Puce,"Couch in New York, A",32.3.14.3,2021-07-09 17:05,374
375,Maxie,Blue,Our Vinyl Weighs a Ton: This Is Stones Throw Records,144.84.164.230,2021-08-28 14:34,375
376,Verla,Green,Quantum of Solace,5.237.41.113,2020-09-10 8:31,376
377,Idell,Blue,Terminal USA,161.157.83.249,2020-09-23 8:59,377
378,Greta,Indigo,All's Well,113.73.56.14,2021-03-21 9:31,378
379,Terry,Orange,Small Roads,252.228.115.80,2022-01-11 3:26,379
380,Nataniel,Crimson,Space Pirate Captain Harlock: Arcadia of My Youth (Waga seishun no Arcadia),153.80.54.162,2021-01-21 17:45,380
381,Herold,Goldenrod,"Inkwell, The",2.21.87.108,2020-05-23 15:57,381
382,Cos,Fuscia,Robin Hood: Prince of Thieves,183.171.216.224,2021-12-01 22:18,382
383,Jefferey,Crimson,Jerusalem,223.90.105.234,2021-02-05 0:13,383
384,Barbabra,Purple,Red Corner,186.81.17.68,2021-02-15 21:56,384
385,Major,Green,Breaking Point,133.197.39.26,2021-02-16 4:58,385
386,Ced,Teal,"Beast with a Million Eyes, The",49.146.194.216,2020-12-05 18:28,386
387,Clemence,Blue,Green Lantern,125.142.81.200,2022-01-25 3:30,387
388,Keane,Maroon,The Elephant Man,118.234.123.251,2020-06-03 9:58,388
389,Darell,Indigo,Veronica Guerin,226.220.196.97,2021-08-29 4:31,389
390,Penelope,Violet,Picture Bride (Bijo photo),100.5.181.194,2021-07-27 15:33,390
391,Emile,Indigo,...And Justice for All,3.204.122.182,2021-04-13 18:44,391
392,Netta,Yellow,Julius Caesar,235.6.55.190,2020-12-12 20:49,392
393,Leonardo,Goldenrod,Beach Blanket Bingo,76.13.124.203,2020-08-06 22:29,393
394,Josey,Turquoise,The Private Life of a Cat,11.170.88.94,2020-12-15 8:13,394
395,Penelope,Indigo,Pawn,101.223.114.68,2021-10-18 19:45,395
396,Jessee,Crimson,Out in the Dark,105.187.46.176,2022-04-05 20:27,396
397,Cliff,Blue,Funny Ha Ha,20.57.91.252,2020-12-23 18:48,397
398,Sherwynd,Orange,"Left Hand of God, The",128.127.140.153,2022-01-15 14:33,398
399,Gannon,Purple,"Wedding in Blood (Noces rouges, Les)",13.9.237.95,2021-10-25 9:34,399
400,Freddy,Yellow,Bachelor Mother,230.94.62.171,2021-07-11 17:25,400
401,Gavin,Red,Love Is a Many-Splendored Thing,152.85.98.146,2021-12-05 21:06,401
402,Ken,Violet,Freakin' Beautiful World (Sairaan kaunis maailma),243.85.185.74,2021-12-21 1:38,402
403,Rubetta,Khaki,"Devil's Tomb, The",137.28.198.251,2020-06-18 6:03,403
404,Paloma,Puce,Buffalo Girls,106.38.26.81,2021-07-19 4:12,404
405,Vittoria,Turquoise,"Leopard Son, The",73.109.44.29,2020-11-01 12:08,405
406,Irwin,Mauv,Epidemic,196.148.135.115,2021-11-03 0:32,406
407,Hercules,Mauv,"Have Dreams, Will Travel",18.58.146.249,2021-08-15 22:44,407
408,Hammad,Orange,"White Angel, The (L'angelo bianco)",93.74.19.126,2022-03-01 4:45,408
409,Allayne,Fuscia,Face to Face (Faccia a faccia),116.100.106.132,2020-11-14 15:18,409
410,Tomlin,Mauv,Gang Related,41.188.92.90,2022-03-30 7:39,410
411,Torey,Indigo,Secrets,74.170.45.107,2021-12-20 4:18,411
412,Enrique,Indigo,Mister Johnson,167.205.176.132,2021-12-30 2:13,412
413,Shelby,Crimson,Jealousy,77.44.166.241,2020-12-31 2:32,413
414,Norine,Blue,Lola and Billy the Kid (Lola + Bilidikid),74.70.158.119,2021-04-25 5:50,414
415,Melly,Teal,Steve Jobs: The Lost Interview,126.186.91.110,2021-07-16 19:17,415
416,Teodoor,Mauv,Harvey,253.132.141.34,2021-08-15 19:11,416
417,Sheela,Teal,Bandits (Bandidos),117.95.37.76,2020-05-06 18:47,417
418,Kennedy,Indigo,"Goalie's Anxiety at the Penalty Kick, The (Die Angst des Tormanns beim Elfmeter)",246.221.130.7,2022-02-23 13:31,418
419,Nell,Pink,"New Land, The (Nybyggarna)",99.15.247.31,2021-02-04 4:36,419
420,Tobias,Pink,Park Row,148.1.157.158,2020-10-13 17:56,420
421,Gerty,Khaki,"Lust, Caution (Se, jie)",121.126.251.50,2020-07-17 17:53,421
422,Clemmie,Pink,Men Without Women,241.144.38.190,2020-10-15 16:17,422
423,Ricky,Teal,Sacred Heart,145.24.226.228,2021-09-05 5:28,423
424,Myrtie,Orange,Zombie Strippers!,101.76.145.243,2021-02-24 11:20,424
425,Jonah,Purple,Mexican Hayride,178.22.151.133,2021-03-09 14:56,425
426,Sybilla,Teal,Cut-Throats Nine (Condenados a vivir),129.193.136.242,2021-01-08 19:42,426
427,Sigismondo,Crimson,Reaching for the Moon,109.55.81.140,2020-11-21 9:23,427
428,Rheta,Violet,The Epic of Everest,29.212.18.199,2020-11-06 2:19,428
429,Lavina,Red,Unbreakable,68.140.146.174,2021-07-05 21:43,429
430,Artair,Teal,Thr3e (Three),102.92.239.209,2021-11-06 23:54,430
431,Deirdre,Violet,? nos amours,37.163.37.255,2021-11-15 20:26,431
432,Jacqui,Yellow,Finding Forrester,113.205.98.133,2021-08-02 13:40,432
433,Daniele,Teal,Visitor to a Museum (Posetitel muzeya),175.233.244.182,2022-03-31 7:47,433
434,Dorry,Red,Who Is Cletis Tout?,213.138.147.142,2021-02-18 16:31,434
435,Malcolm,Goldenrod,Ski Patrol,10.209.4.26,2020-11-10 2:27,435
436,Virge,Orange,"Shadow Riders, The",7.207.154.110,2021-06-22 19:43,436
437,Emeline,Teal,"Chamber, The",206.10.208.148,2020-07-09 5:09,437
438,Melanie,Teal,Zigeunerweisen (Tsigoineruwaizen),200.26.15.26,2021-02-26 8:24,438
439,Diandra,Violet,October,37.79.133.77,2020-09-18 18:31,439
440,Tarra,Indigo,The Man Who Wouldn't Die,76.170.194.147,2020-09-06 11:21,440
441,Dorie,Aquamarine,Beautiful Boxer,196.2.120.167,2021-12-17 0:46,441
442,Con,Aquamarine,O Último Mergulho,118.217.24.71,2021-04-07 17:50,442
443,Barnett,Aquamarine,"Simple Wish, A",228.16.77.186,2021-11-28 8:36,443
444,Bren,Green,Field of Dreams,8.84.26.142,2022-03-06 13:07,444
445,Jermaine,Puce,Medea,248.226.34.146,2020-07-31 3:17,445
446,Corinne,Khaki,"New York, I Love You",200.244.239.6,2020-05-23 21:46,446
447,Di,Fuscia,"Bachelor Weekend, The",1.129.12.242,2020-06-07 20:57,447
448,Irma,Fuscia,"Horseman, The",243.170.229.252,2022-03-16 16:51,448
449,Wilmer,Mauv,"Caddy, The",55.46.42.108,2021-01-05 13:44,449
450,Forest,Blue,The Emperor of California,207.146.36.52,2021-01-14 17:48,450
451,Crichton,Red,Hobson's Choice,50.203.198.113,2021-06-24 1:03,451
452,Rafael,Fuscia,Informant,84.71.178.139,2021-02-01 5:47,452
453,Farly,Khaki,Soft Toilet Seats,183.199.87.68,2020-07-21 5:27,453
454,Maury,Red,"Monkey's Teeth (Dents du singe, Les)",216.191.63.76,2021-10-06 13:29,454
455,Madalena,Teal,Meek's Cutoff,49.126.24.209,2021-01-08 22:55,455
456,Tandi,Red,"Good Morning, Miss Dove",110.19.161.94,2021-12-17 16:07,456
457,Leone,Teal,Beauty Day,233.216.240.232,2021-04-08 14:34,457
458,Solly,Pink,"Reluctant Debutante, The",35.6.123.126,2021-11-10 5:20,458
459,Lemuel,Turquoise,Aakrosh,166.91.77.52,2020-08-16 5:40,459
460,Frasquito,Violet,"Day They Robbed the Bank of England, The",115.202.117.251,2022-01-07 22:07,460
461,Chico,Fuscia,Now You See Me,18.57.115.14,2021-05-19 4:18,461
462,El,Teal,Wings of Courage,61.127.250.66,2020-06-04 5:55,462
463,Rozanne,Green,Baby Geniuses,75.232.102.248,2022-03-25 10:25,463
464,Sybil,Turquoise,Harakiri,181.77.57.245,2020-12-21 15:23,464
465,Petey,Pink,"Month by the Lake, A",43.65.140.163,2022-04-11 6:39,465
466,Gilbert,Puce,Faces of Death 5,203.187.235.199,2020-06-23 11:58,466
467,Ingemar,Aquamarine,Sky Captain and the World of Tomorrow,54.188.223.58,2021-08-29 13:25,467
468,Rusty,Violet,Last Days,88.89.47.212,2021-09-16 20:27,468
469,Randie,Crimson,Phoenix,195.113.90.29,2020-09-17 17:34,469
470,Kiele,Mauv,Tintin and I,80.10.176.109,2020-10-16 13:03,470
471,Rusty,Orange,Blue Is the Warmest Color (La vie d'Adèle),65.4.143.9,2021-12-03 1:18,471
472,Bettine,Orange,Redemption: The Stan Tookie Williams Story,102.97.103.4,2021-01-05 15:47,472
473,Jose,Blue,Don't Go In the Woods,158.17.207.102,2021-05-18 6:35,473
474,Althea,Green,Father Goose,101.64.51.97,2020-09-07 6:33,474
475,Tabina,Violet,God Help the Girl,230.171.75.42,2022-01-28 10:36,475
476,Albert,Purple,Aftermath,68.237.163.50,2021-12-13 22:14,476
477,Jefferson,Crimson,Ernest Goes to Jail,214.194.176.53,2020-11-22 10:34,477
478,Bee,Mauv,Arnold,9.237.121.137,2022-01-12 4:15,478
479,Dalila,Puce,Inspector Palmu's Error (Komisario Palmun erehdys),82.102.179.7,2021-02-24 8:54,479
480,Mirna,Indigo,"St. Francisville Experiment, The",141.55.106.85,2021-07-10 14:28,480
481,Easter,Goldenrod,Beautiful Lies (De vrais mensonges) (Full Treatment),64.249.155.54,2020-05-06 18:50,481
482,Bidget,Yellow,"Reckless Moment, The",81.181.93.1,2021-01-03 22:03,482
483,Codie,Indigo,About Adam,251.240.44.44,2021-11-09 18:47,483
484,Jeffrey,Yellow,"War Wagon, The",106.105.255.148,2022-01-08 6:45,484
485,Earl,Khaki,Naqoyqatsi,34.133.104.33,2020-06-21 1:31,485
486,Amabel,Purple,Mother's Day,59.100.88.169,2021-07-08 20:35,486
487,Ashbey,Green,Broken Windows,172.230.51.129,2021-08-10 22:03,487
488,Arlee,Khaki,Night Watch (Nochnoy dozor),41.21.153.208,2020-08-17 9:35,488
489,Ilysa,Khaki,"Cookout, The",34.92.231.226,2020-09-20 19:48,489
490,Truda,Red,Pan Tadeusz: The Last Foray in Lithuania (Pan Tadeusz),125.200.185.56,2021-03-04 4:26,490
491,Briny,Blue,Stacy,47.114.4.125,2022-01-02 1:06,491
492,Quint,Violet,"City Below, The (Unter dir die Stadt)",237.122.63.237,2020-11-01 8:45,492
493,Kass,Indigo,Faster Pussycat! Kill! Kill!,226.37.197.30,2021-07-11 18:00,493
494,Friedrick,Turquoise,Hori Smoku Sailor Jerry: The Life of Norman K. Collins ,34.48.52.158,2021-10-12 1:31,494
495,Goldina,Yellow,9 1/2 Weeks (Nine 1/2 Weeks),93.131.58.53,2021-05-24 12:34,495
496,Natassia,Goldenrod,"Common Man, A",118.243.129.68,2020-08-30 22:23,496
497,Liva,Turquoise,"Talented Mr. Ripley, The",194.106.213.31,2020-08-19 4:07,497
498,Clary,Green,"Giant Claw, The",197.253.207.50,2021-03-20 19:05,498
499,Mela,Aquamarine,Private Property (Nue propriété),96.24.142.86,2021-01-30 23:28,499
500,Rafferty,Goldenrod,Heimat - A Chronicle of Germany (Heimat - Eine deutsche Chronik),144.68.208.6,2021-04-08 10:55,500
 