bnum,userid,subject,content,ip,regdate
1,Anabelle,Crimson,Pierrot le fou,71.48.3.147,2020-10-10 14:19:15
2,Maxy,Puce,Runaway Bride,6.188.42.151,2021-04-09 04:43:42
3,Mord,Red,"Mummy's Curse, The",206.108.239.181,2021-03-09 02:27:13
4,Arlette,Indigo,Backtrack (Catchfire),221.159.170.193,2020-10-18 22:21:59
5,Vyky,Puce,Didier,68.55.61.55,2020-09-13 09:43:52
6,Nye,Purple,Casey Jones,232.101.79.17,2021-02-06 05:51:46
7,Claudell,Yellow,Baran,71.2.221.125,2021-09-07 13:19:19
8,Haze,Fuscia,Madonna of the Seven Moons,115.173.229.176,2020-07-09 18:52:35
9,Sully,Fuscia,Polytechnique,189.206.141.210,2021-11-03 23:21:23
10,Carmel,Indigo,Remember My Name,64.241.197.139,2022-01-26 23:40:35
11,Tulley,Turquoise,"Cranes Are Flying, The (Letyat zhuravli)",66.222.45.164,2020-11-18 14:46:58
12,Antonia,Puce,Bekas,38.134.112.169,2020-05-06 18:18:23
13,Jerrome,Maroon,Sun Wind (Aurinkotuuli),222.16.114.51,2020-10-09 10:30:40
14,Waiter,Red,Urbania,155.153.210.224,2021-12-04 07:23:48
15,Hillary,Fuscia,"Life of Aleksis Kivi, The (Aleksis Kiven elämä)",111.195.96.173,2021-01-09 14:00:54
16,Meggy,Orange,Skyfall,38.180.39.30,2020-07-18 10:24:14
17,Jaimie,Blue,"Scapegoat, The",128.229.166.85,2020-10-27 15:54:14
18,Maritsa,Blue,Sound of Noise,46.0.145.67,2020-10-16 18:44:04
19,Emmy,Orange,Period of Adjustment,248.246.134.2,2020-08-25 02:41:03
20,Rockwell,Indigo,Target,188.85.129.142,2021-11-08 18:59:22
21,Gerhardt,Turquoise,Private Confessions,161.197.60.224,2020-05-21 03:21:05
22,Marie,Fuscia,Of Human Hearts,183.204.106.79,2022-02-09 22:30:58
23,Alwyn,Red,Bee Season,246.241.236.97,2022-01-07 15:02:35
24,Jehu,Mauv,Changing Times (Les temps qui changent),34.252.31.25,2021-05-17 05:32:44
25,Gabie,Goldenrod,The Lone Wolf Spy Hunt,243.103.135.171,2021-05-09 20:33:22
26,Garwood,Green,Kiwi!,217.93.247.223,2022-03-06 10:38:37
27,Kylie,Indigo,Buena Vista Social Club,96.199.24.170,2021-10-14 07:18:18
28,Sapphira,Indigo,Bang Bang,64.129.36.247,2021-10-23 11:23:09
29,Barby,Blue,"Lower Depths, The (Donzoko)",207.125.70.150,2021-11-15 05:43:39
30,Frasier,Crimson,Snow White (Blancanieves),36.245.32.184,2022-01-13 06:19:15
31,Jobye,Teal,Earth vs. The Spider,108.241.115.86,2021-05-20 06:06:30
32,Goddard,Teal,Every Man for Himself (Slow Motion) (Sauve qui peut (la vie)),190.127.12.11,2020-07-12 17:50:57
33,Kathleen,Goldenrod,Gentlemen,152.17.228.201,2021-08-07 17:27:26
34,Peirce,Khaki,Captain Corelli's Mandolin,219.41.210.210,2021-01-02 18:41:16
35,Serene,Goldenrod,What! No Beer?,37.67.191.15,2022-02-04 06:10:52
36,Oliy,Turquoise,Demons (Dèmoni),5.94.232.101,2021-01-22 20:21:30
37,Tori,Pink,"Scotland, Pa.",183.27.138.87,2021-08-01 02:04:11
38,Rakel,Fuscia,1900 (Novecento),16.225.118.177,2021-11-11 21:12:43
39,Boy,Yellow,Martin Lawrence: You So Crazy,28.218.200.95,2020-10-26 14:13:40
40,Stafford,Green,Samurai (Samourais),119.180.148.241,2022-02-14 17:50:13
41,Winna,Khaki,Day and Night (Le jour et la nuit),92.126.31.248,2021-11-13 21:24:26
42,North,Red,Windows,241.179.158.11,2020-06-26 06:03:57
43,Hamish,Pink,Pigs and Battleships (Hogs and Warships) (The Flesh Is Hot) (Buta to gunkan),69.168.221.53,2020-06-16 13:42:45
44,Tildy,Violet,"Funeral, The (Ososhiki)",154.136.24.31,2020-07-28 06:39:58
45,Kiri,Pink,Ten Tall Men,254.96.13.226,2020-12-19 04:24:36
46,Sibeal,Maroon,Antz,185.87.47.176,2021-02-14 21:30:55
47,Nadya,Aquamarine,Bad Karma,43.131.219.203,2022-02-12 11:21:42
48,Zuzana,Green,"Only Son, The (Hitori musuko)",137.10.2.24,2020-07-30 04:32:02
49,Therine,Yellow,No Mercy (Yongseoneun Eupda),158.231.24.2,2021-09-10 00:04:46
50,Marty,Red,So Young (Zhi wo men zhong jiang shi qu de qing chun),248.161.20.207,2020-06-01 19:27:42
51,Alvie,Yellow,Georgia Rule,122.163.211.140,2020-11-30 02:17:22
52,Isadora,Purple,Lord of the Flies,4.103.247.220,2022-02-26 10:02:54
53,Cyndie,Purple,Judy Moody and the Not Bummer Summer,74.85.204.236,2021-07-20 20:31:48
54,Kristine,Maroon,Belphecor: Curse of the Mummy (Belphégor - Le fantôme du Louvre),107.195.90.164,2022-03-03 22:45:42
55,Loralee,Red,The Last Five Years,152.157.172.192,2021-05-28 16:47:19
56,Georas,Violet,Pressure Point ,186.200.224.208,2020-11-21 00:35:38
57,Johnette,Green,"Pledge, The",86.201.233.252,2021-02-25 18:07:05
58,Mayor,Maroon,Don Juan,164.77.26.183,2021-11-25 06:27:49
59,Trish,Violet,"Teacher, A",161.241.39.117,2021-03-23 02:38:10
60,Kyle,Violet,"Heart in Winter, A (Un coeur en hiver)",142.166.63.85,2022-01-13 01:05:50
61,Alexandr,Pink,Welcome to Collinwood,4.203.137.42,2021-10-25 01:51:37
62,Aldwin,Purple,Upstream,93.121.165.59,2020-07-26 14:25:36
63,Conny,Purple,Honeymoons,3.247.56.63,2020-11-08 17:06:52
64,Eal,Green,"New Daughter, The",200.141.214.74,2020-09-30 05:32:06
65,Freddi,Mauv,Cyrus,28.124.39.65,2021-12-11 05:14:51
66,Felix,Violet,"Toolbox Murders, The",124.72.171.12,2022-04-10 12:49:24
67,Kevina,Orange,Into the Night,179.116.255.205,2020-08-21 03:17:12
68,Westbrook,Yellow,"Haunting, The",221.238.134.55,2020-11-10 10:35:44
69,Marylee,Orange,Forgiving Dr. Mengele,143.133.236.232,2021-12-23 22:55:36
70,Lorrayne,Orange,Doctor X,47.128.20.15,2020-11-08 05:18:22
71,Mora,Teal,Texas Rangers,225.96.204.151,2021-07-20 17:39:43
72,Florinda,Crimson,Castle Keep,189.254.143.144,2021-08-11 09:43:12
73,Rudolfo,Green,Tootsie,240.1.108.134,2022-04-04 08:35:22
74,Cherey,Violet,Snow White: A Tale of Terror,49.130.195.221,2021-04-15 11:00:03
75,Lacee,Goldenrod,Come Undone (Presque Rien),242.44.199.172,2021-08-02 10:47:54
76,Virgie,Aquamarine,"Give 'em Hell, Malone",36.154.0.28,2021-11-12 21:56:36
77,Lizabeth,Yellow,Escuela de seducción,191.248.5.198,2021-08-21 19:19:47
78,Joy,Yellow,Cowboy Bebop: The Movie (Cowboy Bebop: Tengoku no Tobira),251.202.252.211,2020-07-15 04:30:41
79,Arnold,Green,"Flight of the Phoenix, The",146.231.242.43,2020-05-16 17:23:51
80,Pete,Yellow,Map of the Human Heart,48.194.171.74,2021-12-07 19:48:49
81,Lilyan,Fuscia,"Die, Mommie, Die",153.211.115.202,2021-01-15 23:26:21
82,Traci,Teal,Loving,64.215.200.196,2021-12-25 09:53:19
83,Greg,Crimson,Night at the Museum: Secret of the Tomb,172.53.132.154,2021-11-03 18:19:37
84,Alvin,Purple,Dying of the Light,239.222.126.113,2021-09-17 04:09:25
85,Lois,Aquamarine,Broken,185.60.108.164,2021-01-25 08:17:56
86,Benita,Yellow,Twelve Monkeys (a.k.a. 12 Monkeys),253.104.103.53,2021-06-20 22:00:59
87,Sheba,Mauv,Lincz,247.12.134.53,2021-01-02 13:29:13
88,Welby,Green,"Adventures of Priscilla, Queen of the Desert, The",107.134.22.196,2020-05-22 19:45:52
89,Meghann,Khaki,"Patsy, The",8.23.70.67,2021-12-28 13:52:24
90,Jordan,Green,Salaam Bombay!,100.203.45.240,2021-01-15 17:27:25
91,Seline,Pink,Stakeout on Dope Street,203.202.154.17,2022-01-30 12:45:51
92,Natty,Maroon,Rehearsals for Extinct Anatomies,226.122.200.57,2020-10-12 15:22:48
93,Trev,Pink,London,9.96.23.29,2021-04-30 11:26:30
94,Jewelle,Pink,Cloudy with a Chance of Meatballs,165.20.116.157,2020-09-13 02:08:05
95,Brittan,Orange,Three (a.k.a. 3),123.220.251.91,2020-05-22 19:30:54
96,Win,Pink,Bullet for a Badman (Renegade Posse),102.232.243.16,2020-05-25 03:07:03
97,Wait,Maroon,The Baby Maker,46.115.140.126,2020-06-12 11:52:03
98,Bennie,Fuscia,"Baby, the Rain Must Fall",109.16.136.220,2021-01-01 01:42:32
99,Thekla,Fuscia,It Happened on Fifth Avenue,202.126.6.119,2022-01-19 17:21:18
100,Thia,Turquoise,"Bon Voyage, Charlie Brown (and Don't Come Back!)",181.207.207.221,2021-08-04 02:57:19
101,Ty,Khaki,Blood from the Mummy's Tomb,98.101.115.22,2022-01-14 06:34:28
102,Neda,Yellow,"House on Carroll Street, The",127.72.251.154,2021-06-17 08:09:28
103,Saxe,Blue,Angels of the Universe (Englar alheimsins),50.33.222.37,2021-06-22 13:00:24
104,Henriette,Violet,"Cousins, The (Cousins, Les)",141.107.66.183,2020-05-31 17:40:25
105,Dickie,Red,Sh! The Octopus,144.15.153.75,2021-01-02 08:34:28
106,Amaleta,Violet,The Boy Next Door,124.169.62.151,2021-08-29 22:15:27
107,Rodolphe,Green,Crime and Punishment in Suburbia,30.96.74.157,2021-06-06 12:03:59
108,Byran,Mauv,Fury,23.241.27.121,2021-01-05 01:28:02
109,Janek,Purple,The Great Kidnapping,178.126.119.148,2021-11-04 13:26:18
110,Peta,Fuscia,Man for a Day,248.141.192.126,2021-12-26 06:05:00
111,Patti,Violet,Sex & the Other Man,51.50.231.84,2021-02-24 14:21:57
112,Bethina,Violet,Outlaw of Gor,178.207.83.25,2021-04-24 14:12:38
113,Ginnifer,Fuscia,The Hound of the Baskervilles,233.131.221.0,2020-12-31 10:16:47
114,Peyter,Teal,Sweet Hearts Dance,7.31.91.129,2020-09-14 07:05:54
115,Daphna,Red,Lancelot of the Lake (Lancelot du Lac),247.44.2.231,2020-07-02 12:55:28
116,Wildon,Mauv,"Little Princess, The",19.45.142.231,2020-12-30 16:53:45
117,Beckie,Aquamarine,"Greatest, The",166.47.122.126,2022-01-22 16:12:56
118,Koo,Puce,Skokie ,231.150.38.251,2020-08-15 04:04:47
119,Margette,Goldenrod,Hero,171.66.117.186,2021-10-29 00:15:55
120,Arthur,Blue,Fine-Tune,104.18.229.170,2022-03-14 23:00:25
121,Thor,Mauv,Abbott and Costello in Hollywood,34.196.43.136,2022-04-10 05:03:16
122,Debera,Crimson,In the Line of Fire,222.158.227.212,2021-11-13 09:30:54
123,Hurleigh,Teal,"Case for Christ, The",6.220.129.59,2022-01-22 11:32:17
124,Flo,Yellow,Ordinary Sinner,39.199.97.27,2020-10-16 01:43:01
125,Cary,Green,May 18 (Hwaryeohan hyuga),100.195.53.238,2021-10-17 18:14:06
126,Robinson,Aquamarine,In Tranzit,222.167.79.239,2021-12-28 09:56:11
127,Eilis,Fuscia,Hammett,244.224.61.112,2022-01-29 17:27:14
128,Yovonnda,Purple,Shark Attack,88.235.239.111,2021-04-28 08:39:17
129,Haslett,Puce,Love Comes Softly,148.51.18.89,2021-08-25 17:50:02
130,Rey,Pink,13 Tzameti,121.93.6.66,2020-07-27 12:46:55
131,Susan,Violet,"Cabinet of Caligari, The",19.248.211.202,2022-02-25 04:21:27
132,Ardith,Blue,Of Unknown Origin,243.167.152.194,2022-01-18 18:50:45
133,Jaine,Crimson,One Day in September,169.175.132.73,2020-12-21 08:35:10
134,Delano,Maroon,"Flame and the Arrow, The",159.254.193.169,2021-10-04 13:24:30
135,Packston,Pink,I Shot a Man in Vegas,107.41.93.46,2021-05-16 09:00:53
136,Layla,Crimson,Gore Vidal: The United States of Amnesia,87.40.140.197,2020-11-02 05:04:30
137,Richard,Teal,"Big Trail, The",64.111.133.66,2021-11-06 23:15:46
138,Gussie,Puce,Daltry Calhoun,233.199.9.183,2020-10-08 19:51:50
139,Kassi,Mauv,Out Cold,181.37.168.255,2020-06-19 14:14:26
140,Aharon,Orange,Let Him Have It,28.11.103.22,2021-12-07 02:47:14
141,Courtnay,Blue,Shark Night 3D,75.75.26.24,2020-05-28 15:22:34
142,Diahann,Violet,Juvenile Court,75.249.13.186,2020-10-30 13:03:20
143,Aubry,Green,Revengers Tragedy,247.59.39.144,2022-03-28 15:37:13
144,Blakelee,Aquamarine,Wizards,155.253.189.86,2021-03-17 07:49:13
145,Celle,Indigo,Flash Gordon,194.137.238.223,2021-07-10 21:46:03
146,Sharon,Purple,LennoNYC,245.7.173.25,2021-05-11 11:39:01
147,Mattie,Crimson,Judith of Bethulia,2.176.135.202,2021-12-24 02:12:01
148,Jeffie,Blue,7 Boxes (7 cajas),48.37.247.98,2021-02-15 17:19:52
149,Vivianne,Turquoise,Pressure Point ,107.78.206.15,2022-01-30 01:34:35
150,Edgardo,Green,Jailbait,233.92.18.241,2021-11-03 20:38:40
151,Jakie,Khaki,Susannah of the Mounties,36.78.152.23,2020-10-23 00:46:39
152,Trumann,Blue,Tattooed Life (Irezumi ichidai),131.246.11.46,2021-07-10 11:43:16
153,Addy,Puce,High Plains Drifter,65.85.32.39,2021-11-05 00:25:57
154,Romonda,Red,Igby Goes Down,185.190.230.112,2020-12-10 10:34:37
155,Prentice,Teal,Laila,46.125.205.99,2021-06-30 01:19:32
156,Gwendolen,Fuscia,Hollow Triumph (a.k.a. The Scar),147.73.68.170,2021-02-09 17:40:15
157,Dorelia,Yellow,Rated X: A Journey Through Porn,232.33.31.197,2021-09-22 03:07:50
158,Savina,Aquamarine,"Killing of John Lennon, The",64.228.163.173,2022-03-11 20:18:47
159,Sosanna,Pink,A Life in Dirty Movies,248.17.220.40,2020-12-24 22:39:17
160,Vallie,Red,Captain America,150.92.59.170,2020-09-17 06:22:35
161,Walther,Goldenrod,Interview with the Vampire: The Vampire Chronicles,100.26.151.210,2021-02-23 05:33:58
162,Emelita,Yellow,Seraphim Falls,104.150.21.193,2020-12-06 15:49:36
163,Enrique,Puce,Grouse,74.65.21.113,2020-06-13 04:00:07
164,Thornton,Teal,"Lower Depths, The (Les bas-fonds)",148.10.142.114,2021-09-26 19:34:36
165,Evelyn,Khaki,Lucky Number Slevin,82.1.151.112,2020-05-29 05:45:13
166,Reece,Indigo,Macbeth in Manhattan,183.81.213.117,2021-01-28 12:47:23
167,Conni,Goldenrod,"Eye for an Eye, An (Oeil pour oeil) (Eyes of the Sahara)",213.6.13.75,2020-08-22 22:45:01
168,Jennica,Mauv,Winter Soldier,61.72.103.93,2021-06-15 04:14:24
169,Rudie,Indigo,Tinseltown,149.8.185.227,2021-03-24 04:49:53
170,Catrina,Green,Lord Jim,70.1.213.159,2021-07-16 22:29:25
171,Mellisa,Green,SherryBaby,226.64.218.130,2021-05-20 20:17:04
172,Christie,Puce,Suicide Room,190.36.213.10,2020-09-28 01:06:12
173,Alexio,Aquamarine,Crossing the Bridge,253.83.175.108,2020-10-29 18:27:09
174,Sande,Indigo,"Seventh Continent, The (Der siebente Kontinent)",166.122.51.185,2020-11-26 14:19:35
175,Danny,Yellow,"Little Indian, Big City (Un indien dans la ville)",121.187.56.50,2020-12-20 01:13:54
176,Tami,Orange,Bon Voyage,244.223.7.60,2021-02-06 18:13:13
177,Biddie,Orange,"March of the Movies (Film Parade, The)",79.165.229.78,2022-02-06 18:16:36
178,Doretta,Red,Lianna,198.184.167.117,2022-01-31 08:53:52
179,Basile,Puce,Bleak House,117.143.166.110,2021-11-20 22:36:23
180,Rosemonde,Mauv,Hen Hop,251.169.129.57,2022-03-20 17:38:53
181,Paule,Indigo,Trailer Park of Terror,105.113.16.159,2021-12-03 15:39:03
182,Berny,Goldenrod,Behind Enemy Lines,125.94.241.52,2021-06-02 15:13:03
183,Elyse,Teal,Dorm Daze (National Lampoon Presents Dorm Daze),160.126.31.158,2022-04-01 20:52:27
184,Skip,Purple,"Man from Down Under, The",139.8.139.158,2021-07-15 01:10:39
185,Cesare,Crimson,Friday the 13th Part VI: Jason Lives,36.103.18.176,2021-04-18 05:24:00
186,Northrop,Pink,"Girl in the Red Velvet Swing, The",129.227.218.128,2021-04-28 23:49:51
187,Percy,Teal,Hansel & Gretel,231.248.181.179,2021-12-30 19:57:45
188,Kippie,Yellow,Closing the Ring,176.113.200.237,2021-05-24 15:07:25
189,Glenn,Red,Carefree,191.68.212.200,2021-11-19 22:02:45
190,Kora,Fuscia,"Go-Between, The",34.216.235.99,2022-03-13 00:07:35
191,Evy,Puce,"Wedding Weekend, The (Sing Now or Forever Hold Your Peace) (Shut Up and Sing)",205.255.125.189,2022-01-05 07:06:54
192,Niall,Pink,I Was a Male War Bride,254.93.64.18,2021-09-24 02:57:24
193,Valentina,Puce,"Thing Called Love, The",208.154.103.228,2020-08-24 01:46:52
194,Modesta,Pink,Hereafter,85.139.109.163,2020-08-16 00:24:53
195,Merle,Fuscia,Shatter Dead,93.253.250.147,2021-04-25 17:15:58
196,Willi,Goldenrod,Jobs,65.174.150.2,2020-08-12 05:52:57
197,Felipa,Crimson,Force of Execution,254.6.226.228,2022-01-23 19:28:03
198,Darcey,Blue,"Caller, The",224.240.79.127,2021-02-04 02:00:07
199,Natale,Mauv,Higher and Higher,133.161.57.254,2020-10-21 08:03:36
200,Chelsey,Indigo,"Ernest Film Festival, The",123.116.143.227,2021-07-17 04:12:51
201,Kath,Purple,Porto of My Childhood (Porto da Minha Infância),135.39.10.54,2020-06-07 14:42:13
202,Micky,Pink,Marie Antoinette,249.95.106.143,2021-01-12 23:25:01
203,Rosalinda,Blue,Changing Sides (De l'autre côté du lit),224.187.2.221,2020-08-05 17:51:13
204,Lindsy,Puce,Escape From Tomorrow,151.122.27.100,2020-09-24 01:55:20
205,Sheelagh,Khaki,"Summer at Grandpa's, A (Dong dong de jia qi)",33.198.143.16,2020-07-13 10:22:39
206,Bartholomeo,Maroon,"Divide and Conquer (Why We Fight, 3)",13.238.33.21,2020-07-16 19:18:18
207,Sissy,Fuscia,Satin Rouge,222.247.212.237,2022-02-25 05:50:28
208,Thaddus,Pink,Two English Girls (Les deux anglaises et le continent),34.234.206.196,2020-05-04 01:24:23
209,Jany,Purple,Ring of Darkness,166.96.186.43,2020-09-11 13:58:45
210,Nicholle,Orange,"Boss of It All, The (Direktøren for det hele)",181.15.47.94,2020-08-23 00:26:10
211,Collen,Khaki,Don't Look Now: We're Being Shot At (La grande vadrouille),119.218.197.244,2021-10-17 01:23:14
212,Shirline,Turquoise,Shadow People,71.181.229.61,2020-05-10 00:16:11
213,Ramonda,Red,Circle of Friends,173.212.253.25,2021-03-06 21:35:11
214,Crissie,Fuscia,Fantomas Unleashed,139.28.139.161,2020-10-09 23:09:58
215,Pablo,Violet,Castaway,142.14.72.9,2021-12-18 10:40:44
216,Felice,Red,No End (Bez konca),55.252.7.23,2021-10-18 12:53:12
217,Lyndell,Turquoise,"Horseman, The",163.110.174.203,2021-06-07 03:28:15
218,Betsy,Purple,Dead Man Down,134.7.13.195,2021-08-26 04:17:56
219,Lyn,Blue,Wonder Man,117.0.205.242,2020-10-27 04:10:00
220,Allianora,Maroon,Horton Hears a Who!,250.184.159.52,2020-05-18 06:50:04
221,Malachi,Khaki,Resan Till Melonia,47.86.99.42,2021-02-23 15:10:55
222,Elias,Puce,Interkosmos,24.52.85.112,2020-07-02 03:54:07
223,Brendon,Red,Come Back to Me,219.212.81.67,2022-02-15 07:35:13
224,Ilise,Maroon,"Whole Night, A (Toute une nuit)",212.164.227.102,2020-09-11 14:52:36
225,Mireielle,Puce,Scandali nudi,207.59.125.217,2021-07-15 20:35:23
226,Delia,Fuscia,Close My Eyes,131.208.45.204,2021-10-23 09:37:42
227,Jodi,Fuscia,Harmagedon,61.138.161.75,2020-09-15 03:35:26
228,Ado,Blue,Dark Ride,237.246.208.227,2020-05-19 01:24:55
229,Adelaida,Puce,"Arrival of a Train, The",192.206.63.107,2022-02-13 00:51:31
230,Gibbie,Maroon,"Softening of the Egg, The (Ägget är löst!)",154.193.253.21,2020-05-01 23:21:20
231,Ertha,Blue,Matinée,92.15.192.57,2022-03-08 20:54:18
232,Tawnya,Crimson,"Royal Affair, A (Kongelig affære, En)",0.95.214.62,2021-05-12 22:55:32
233,Marybelle,Puce,"Tin Star, The",213.148.171.147,2020-09-09 00:49:14
234,Aldin,Goldenrod,The Grump,37.115.175.193,2020-11-02 17:59:46
235,Lorianna,Aquamarine,Seven Up!,103.20.153.190,2020-05-26 01:48:12
236,Talyah,Aquamarine,Canned Dreams (Säilöttyjä unelmia),187.3.116.45,2021-12-14 06:11:51
237,Glenden,Purple,When Love Is Not Enough: The Lois Wilson Story,67.116.9.60,2021-01-27 05:18:02
238,Waite,Green,Underground: The Julian Assange Story,108.104.39.189,2021-09-26 15:31:21
239,Rosene,Teal,Kumaré,36.90.186.69,2020-05-19 13:05:45
240,Melita,Pink,In Custody,167.229.111.189,2021-02-08 19:34:18
241,Yardley,Violet,Witness to Murder,10.203.196.7,2020-10-11 18:21:36
242,Inga,Pink,Losers' Club (Kaybedenler kulübü),146.194.124.36,2021-03-08 11:41:03
243,Lizzy,Yellow,Livid (Livide),27.101.170.125,2021-09-02 09:05:01
244,Winifred,Orange,"Reluctant Astronaut, The",46.127.242.219,2021-09-12 12:13:42
245,Barrie,Teal,"Touch of Spice, A (Politiki kouzina)",240.80.253.218,2020-06-23 02:43:31
246,Doretta,Crimson,Confessions of a Pop Performer,247.111.8.187,2020-12-05 04:34:12
247,Trudi,Mauv,"Boys Next Door, The",36.239.1.41,2021-07-11 19:31:37
248,Gregory,Teal,7 Men from Now (Seven Men from Now),183.42.166.94,2021-04-18 22:43:33
249,George,Fuscia,Bride of Re-Animator,152.207.52.149,2021-10-01 05:31:21
250,Johnnie,Turquoise,Bingo,236.15.210.237,2022-01-23 22:44:20
251,Vivianne,Aquamarine,Is It Easy to be Young?,68.177.42.234,2022-02-07 15:10:37
252,Anderson,Turquoise,7 Plus Seven,117.179.106.138,2020-10-06 10:00:28
253,Horatius,Orange,Lions For Lambs,133.59.127.165,2022-01-11 06:18:54
254,Deane,Indigo,Drinking Buddies,170.55.48.37,2021-10-04 03:10:36
255,Allix,Teal,The Hallelujah Handshake,127.44.24.206,2021-12-16 12:10:55
256,Tootsie,Blue,"Roommate, The",8.34.176.166,2020-07-21 19:19:35
257,Court,Crimson,Storm Center,41.163.0.51,2022-03-24 08:23:33
258,Jeramey,Fuscia,The Left Handed Gun,233.87.149.154,2020-06-11 02:16:00
259,Pieter,Aquamarine,Polly of the Circus,60.105.6.202,2021-04-09 22:10:21
260,Kinnie,Aquamarine,Hippie Masala - Forever in India,171.210.232.233,2021-06-05 05:06:24
261,Lynette,Puce,Love Hina Again,46.134.228.96,2020-05-04 09:20:34
262,Rosemarie,Indigo,"New Kind of Love, A",99.111.220.228,2021-09-29 19:12:23
263,Lelah,Red,"Girl, The",60.236.27.18,2020-05-04 12:52:59
264,Dov,Mauv,"Tesseract, The",244.113.197.171,2021-03-29 15:14:59
265,Sayre,Khaki,Halloween,47.15.40.217,2020-10-12 08:32:04
266,Matelda,Aquamarine,Thoughtcrimes,87.109.134.210,2021-07-20 21:05:18
267,Claiborne,Purple,Last Hurrah for Chivalry (Hao xia),115.233.177.45,2020-11-01 07:34:00
268,Jeanne,Fuscia,Late Bloomers,69.150.63.218,2021-11-15 07:37:56
269,Merna,Teal,National Lampoon's Van Wilder: The Rise of Taj,48.107.123.251,2021-11-09 06:10:42
270,Ahmad,Orange,Elite Squad (Tropa de Elite),24.226.76.102,2021-06-25 20:35:04
271,Estrella,Puce,Olive Kitteridge,143.152.83.72,2021-08-11 23:16:57
272,Web,Violet,Kart Racer,203.36.254.224,2021-11-01 14:23:13
273,Jaquith,Indigo,Long John Silver,208.95.217.36,2020-09-21 10:39:25
274,Antonin,Purple,Babies (Bébé(s)),181.59.62.233,2020-11-18 00:00:32
275,Herschel,Teal,Highlander: The Search for Vengeance,21.133.26.199,2022-01-10 11:18:28
276,Ynez,Crimson,North West Frontier,65.169.101.157,2022-01-18 07:20:42
277,Stephana,Maroon,Alone in the Dark,45.17.2.122,2021-03-24 14:43:56
278,Katalin,Crimson,"Mask of Zorro, The",231.239.80.68,2021-05-09 14:19:36
279,Jinny,Red,Guest from the Future (Gostya iz buduschego),193.53.22.248,2021-09-22 08:16:01
280,Petunia,Fuscia,Juvenile Court,20.204.58.90,2021-02-10 19:58:03
281,Lazarus,Fuscia,Married to the Mob,101.112.211.22,2021-08-06 18:35:47
282,Garrek,Red,"Serpent and the Rainbow, The",52.32.207.222,2021-06-17 12:46:14
283,Ninnette,Purple,Human Lanterns (Ren pi deng long),131.4.230.236,2022-04-07 10:08:20
284,Killy,Fuscia,"Return of the Pink Panther, The",89.160.161.90,2020-09-12 13:35:29
285,Georgeanna,Purple,Something the Lord Made,179.23.222.255,2021-09-16 22:02:41
286,Grissel,Fuscia,Fantasia,129.225.242.67,2021-08-05 01:55:21
287,Berry,Khaki,"Many Adventures of Winnie the Pooh, The",225.231.241.125,2020-06-17 13:24:50
288,Dotti,Orange,Ballerina (La mort du cygne),168.111.116.2,2021-11-07 05:46:03
289,Angelia,Red,"Competition, The",181.119.4.241,2022-04-02 20:39:24
290,Mela,Aquamarine,Starsky & Hutch,222.251.207.170,2020-05-27 15:09:35
291,Cordie,Aquamarine,"Miracle Worker, The",164.101.239.80,2021-12-30 03:08:45
292,Burl,Blue,Mr. Belvedere Goes to College,158.2.254.122,2021-01-30 20:10:25
293,Gretta,Purple,"Devil, The (Diabel)",171.198.138.234,2021-01-13 02:32:08
294,Melina,Fuscia,Wagons East,68.143.247.134,2022-03-27 18:01:19
295,Vern,Violet,Prisoner of the Mountains (Kavkazsky plennik),132.133.32.15,2021-03-26 15:25:36
296,Lindy,Orange,Morning Glory,19.21.9.120,2022-04-10 19:31:16
297,Ondrea,Khaki,"Art of Getting By, The",88.147.185.104,2021-11-27 22:13:05
298,Bear,Goldenrod,No Logo,122.66.182.120,2021-01-28 00:23:07
299,Devina,Maroon,Jar City (Mýrin),114.250.183.167,2020-07-08 03:03:08
300,Valli,Pink,Borderland,34.162.245.207,2021-06-24 18:59:56
301,Dion,Indigo,Die Another Day,90.74.14.252,2021-08-13 20:32:02
302,Hansiain,Goldenrod,Hidden Agenda,54.242.32.116,2021-01-31 18:14:03
303,Merrilee,Aquamarine,Abbott and Costello Meet Captain Kidd,99.126.41.112,2021-10-19 03:24:22
304,Cleavland,Fuscia,Alien Escape,52.2.111.252,2020-10-28 07:04:06
305,Hiram,Yellow,Mile... Mile & a Half,34.253.46.96,2021-07-03 11:22:11
306,Yovonnda,Pink,Fate of a Man (Sudba cheloveka),58.16.54.130,2020-10-29 04:50:10
307,Obie,Indigo,"Children Are Watching Us, The (Bambini ci guardano, I)",125.3.157.83,2021-05-10 13:33:03
308,Thatch,Indigo,Yes: 9012 Live,95.221.58.3,2020-07-17 23:22:51
309,Ancell,Teal,"Silence, The (Das letzte Schweigen)",123.214.200.181,2020-09-01 03:55:43
310,Domeniga,Maroon,"Emperor's New Groove, The",70.44.116.16,2021-11-26 03:56:18
311,Dolf,Red,"Raven, The",227.23.41.170,2021-12-12 05:41:41
312,Axel,Maroon,Niko & the Way to the Stars (a.k.a. The Flight Before Christmas) (Niko - Lentäjän poika),3.147.119.12,2021-07-31 03:12:12
313,Christophe,Turquoise,Cyborg,192.147.91.134,2022-01-22 00:52:19
314,Aeriell,Aquamarine,Chocolat,72.164.169.202,2021-03-27 17:15:02
315,Flss,Crimson,Kevin Hart: Let Me Explain,32.143.26.20,2020-07-14 23:12:04
316,Gabbey,Yellow,Stick It,87.139.141.148,2022-04-13 05:49:52
317,Dominique,Puce,Always for Pleasure,193.50.254.181,2022-02-07 17:40:54
318,Tresa,Teal,"Canyons, The",128.66.146.110,2021-11-05 05:28:59
319,Dagny,Puce,Showtime,76.242.160.154,2021-02-23 21:46:09
320,Cyndi,Fuscia,"Flamingo Kid, The",73.25.175.22,2021-12-24 04:53:58
321,Wiley,Mauv,Lan Yu,63.215.238.59,2021-11-20 09:42:29
322,Hoebart,Orange,Executioners from Shaolin,184.137.239.160,2021-06-10 15:53:02
323,Mattie,Violet,Line of Sight,136.227.217.118,2020-09-27 17:55:33
324,Rachele,Blue,Hearty Paws,139.18.99.60,2022-01-05 03:03:59
325,Shep,Pink,FairyTale: A True Story,38.79.127.154,2021-04-18 15:07:51
326,Amandie,Maroon,Niko & the Way to the Stars (a.k.a. The Flight Before Christmas) (Niko - Lentäjän poika),9.154.110.199,2021-02-17 07:40:23
327,Fremont,Aquamarine,"Last Shot, The",129.232.160.156,2020-05-30 01:36:04
328,Maxy,Aquamarine,"Appeared, The (Aparecidos)",42.42.179.167,2020-09-25 13:48:15
329,Florina,Khaki,My Life as a Dog (Mitt liv som hund),8.205.29.234,2021-03-03 01:39:39
330,Xaviera,Puce,The Affairs of Martha,78.190.196.97,2021-10-17 13:58:33
331,Corliss,Puce,Brother's Keeper,2.51.9.99,2021-01-06 20:01:01
332,Chelsae,Blue,I Have Found It (Kandukondain Kandukondain),7.10.107.141,2020-08-27 01:28:13
333,Alikee,Turquoise,The Chumscrubber,85.77.53.44,2020-12-22 16:13:44
334,Jammie,Khaki,Send a Bullet (Manda Bala),226.171.29.128,2021-08-04 22:27:41
335,Clarence,Maroon,"Fighting Seabees, The",64.19.183.77,2021-06-26 09:50:56
336,Dunstan,Aquamarine,"Leech Woman, The",120.239.137.229,2021-11-29 11:43:16
337,Susanetta,Pink,Blue,181.107.94.193,2021-12-07 15:47:39
338,Cissiee,Maroon,Luther the Geek,118.113.108.152,2020-12-17 18:03:22
339,Darrel,Crimson,"Friends at the Margherita Cafe, The (Gli amici del bar Margherita)",15.122.2.146,2020-09-26 09:56:06
340,Cherry,Pink,"Gladiators, The (Gladiatorerna)",93.72.202.25,2021-06-07 18:56:12
341,Hyacinthie,Turquoise,"Crusades, The",236.191.44.248,2021-06-05 16:06:07
342,Stevie,Aquamarine,Heart of Dragon (Long de xin),230.168.247.197,2021-06-07 21:22:05
343,Bryant,Khaki,"Treasure Hunter, The (Ci ling)",9.156.111.23,2022-02-13 06:49:01
344,Bradley,Purple,Blind Alley,194.143.110.127,2022-04-14 00:17:31
345,Enoch,Violet,"Visitors, The",60.196.36.108,2020-10-01 08:26:54
346,Carolyn,Yellow,"Seagull's Laughter, The (Mávahlátur)",89.127.41.128,2020-09-26 03:58:43
347,Bella,Pink,"RKO Production 601: The Making of 'Kong, the Eighth Wonder of the World'",62.227.117.140,2021-06-13 21:43:23
348,Dasya,Fuscia,Battle Royale (Batoru rowaiaru),87.164.192.114,2020-07-30 22:10:10
349,Eva,Mauv,Al Franken: God Spoke,63.209.86.30,2021-08-11 20:00:56
350,Taddeo,Purple,"Gospel of Judas, The",13.223.148.168,2021-07-05 16:29:20
351,Deeann,Teal,All Is Forgiven (Tout est pardonné),224.185.150.10,2020-07-30 21:25:12
352,Amalita,Red,Old Dogs,25.24.32.2,2022-02-02 21:44:11
353,Danell,Khaki,Drona,181.26.52.96,2021-04-28 23:49:39
354,Dollie,Khaki,Conan the Barbarian,46.163.28.154,2021-02-15 21:49:36
355,Lorettalorna,Purple,All I Want for Christmas,172.4.48.187,2021-04-03 07:33:31
356,Irene,Khaki,"Fists in the Pocket (Pugni in tasca, I)",226.168.219.14,2021-10-04 06:49:46
357,Willa,Orange,Girls About Town,9.198.150.18,2022-01-10 16:46:11
358,Roderigo,Teal,"Return of Don Camillo, The (Retour de Don Camillo, Le)",140.74.149.230,2022-02-14 20:45:38
359,Maxy,Pink,Fools' Parade,202.17.253.172,2020-05-08 23:15:35
360,Martguerita,Red,Lucrèce Borgia,21.18.212.100,2021-03-23 04:57:59
361,Henry,Crimson,Asterix and the Gauls (Astérix le Gaulois),84.188.213.41,2021-06-15 19:05:03
362,Netta,Purple,Detropia,238.70.111.140,2020-11-03 02:25:49
363,Catha,Purple,Who Killed Vincent Chin?,148.242.133.177,2021-08-21 07:05:04
364,Thorn,Blue,Fragile,110.26.24.183,2022-04-02 17:10:29
365,Emelen,Aquamarine,Off and Running ,27.159.5.68,2020-07-08 03:24:50
366,Derrick,Khaki,"Gazebo, The",217.162.186.14,2020-08-26 05:54:09
367,Nicolle,Crimson,Project X,134.114.50.231,2022-03-14 18:14:33
368,Lurette,Purple,Tattooed Life (Irezumi ichidai),162.103.155.91,2022-02-12 20:42:39
369,Jeane,Indigo,One Man's Hero,153.95.92.97,2021-12-14 08:48:45
370,Vittoria,Fuscia,Harmful Insect (Gaichu),159.192.25.105,2021-02-07 01:41:13
371,Josie,Purple,"Rocketeer, The",226.82.248.134,2021-12-01 23:20:46
372,Milly,Aquamarine,Red Dust,121.110.187.18,2021-07-08 02:46:22
373,Madlen,Red,Cloudy with a Chance of Meatballs,252.88.134.129,2021-06-09 14:18:18
374,Orella,Khaki,Calling Dr. Death,13.59.179.5,2020-11-06 15:21:35
375,Rosie,Fuscia,Vääpeli Körmy ja marsalkan sauva,61.38.80.92,2020-09-16 15:17:23
376,Isa,Goldenrod,"Manitou, The",74.227.138.85,2020-08-01 04:15:13
377,Kylila,Green,Miss Julie,127.175.39.108,2020-07-01 17:56:08
378,Emmy,Blue,Daisy,81.62.249.184,2020-05-06 07:18:46
379,Doy,Mauv,East Palace West Palace (Dong gong xi gong),107.236.144.226,2020-07-29 05:16:08
380,Alecia,Goldenrod,Remember Me,250.205.20.237,2021-05-25 08:57:21
381,Ax,Green,"Young Philadelphians, The",79.8.152.242,2021-06-06 10:23:15
382,Vassili,Purple,Pride of the Marines,79.168.99.154,2021-02-18 09:15:14
383,Gustav,Green,Junkopia,3.21.167.61,2020-09-17 17:12:12
384,Aline,Red,Reform School Girls,130.102.156.81,2020-09-24 12:44:37
385,Arabella,Red,Strapped,168.182.190.159,2022-03-14 05:32:10
386,Gabey,Puce,Rare Birds,13.111.142.172,2020-05-29 04:10:28
387,Abramo,Khaki,Timber Falls,126.147.166.86,2020-08-30 13:16:01
388,Katuscha,Mauv,India Song,57.121.158.4,2021-12-08 13:23:51
389,Kizzee,Blue,"Bridges at Toko-Ri, The",157.24.139.140,2020-09-05 23:26:51
390,Ara,Crimson,More Than a Game,168.48.128.252,2020-12-14 04:34:12
391,Hayes,Green,"X, Y and Zee (Zee and Co.)",209.166.83.101,2020-05-27 22:00:10
392,Thomasina,Aquamarine,"Battle of the Rails, The (La bataille du rail)",169.68.115.238,2021-09-21 11:35:27
393,Gal,Teal,Melvin and Howard,211.168.105.57,2020-06-09 02:22:32
394,Pepi,Mauv,My Way Home (Így jöttem) ,167.79.75.130,2021-01-16 01:44:40
395,Robby,Aquamarine,Avenging Angelo,143.61.85.54,2021-12-12 02:50:05
396,Lacie,Pink,Once Upon a Warrior (Anaganaga O Dheerudu),214.12.128.155,2020-06-10 10:51:59
397,Katlin,Fuscia,Cherish,119.249.122.26,2020-08-22 19:56:25
398,Berny,Crimson,"Kiss of the Vampire, The",86.20.161.185,2021-01-25 17:06:47
399,Rebekkah,Orange,The Seven Males,104.236.241.5,2022-02-09 23:26:24
400,Lynsey,Violet,Bread and Alley (Nan va Koutcheh),3.180.88.159,2020-08-08 20:07:05
401,Carin,Yellow,A Most Violent Year,46.0.192.171,2022-01-13 09:11:52
402,Sybil,Yellow,P.S.,31.132.151.142,2022-02-18 02:06:48
403,Kermie,Indigo,Thérèse,199.243.138.209,2022-04-11 17:06:54
404,Neale,Blue,Gun Shy,62.135.194.92,2021-07-12 01:52:50
405,Chadd,Mauv,A.K.,45.249.1.20,2020-12-23 12:46:32
406,Wayland,Maroon,Gabriel Over the White House,115.84.134.203,2020-07-10 03:07:22
407,Ingram,Teal,Modesty Blaise,25.17.105.134,2020-09-28 01:10:39
408,Ladonna,Fuscia,In & Out,223.119.74.62,2022-04-09 14:32:40
409,Aura,Maroon,"Apprenticeship of Duddy Kravitz, The",233.243.194.15,2021-09-06 15:47:18
410,Luis,Mauv,Japanese Girls at the Harbor (Minato no nihon musume),213.96.90.25,2021-05-28 19:56:18
411,Aretha,Fuscia,A.K.,176.165.125.248,2020-06-04 10:40:50
412,Erick,Purple,Jaws: The Revenge,220.71.177.104,2021-09-17 11:34:15
413,Maureen,Turquoise,Monsieur Hire,251.174.100.218,2021-06-09 09:50:41
414,Bertina,Purple,Happy End,141.30.96.14,2021-07-26 03:31:55
415,Gian,Teal,Dieta mediterránea,82.2.240.6,2022-01-14 17:33:08
416,Yardley,Red,"Return of the King, The",198.45.141.164,2020-08-21 14:55:08
417,Annissa,Teal,Temptation of a Monk (You Seng),22.77.41.64,2021-05-16 22:25:05
418,Leonelle,Blue,Red White & Blue,103.114.21.216,2021-03-22 12:47:26
419,Gamaliel,Fuscia,"Divide, The",116.133.89.65,2020-11-17 04:40:59
420,Linnea,Yellow,Point Blank,90.2.52.77,2021-08-24 13:07:47
421,Larissa,Yellow,Nothing Like the Holidays,250.77.230.138,2021-07-16 12:25:39
422,Emmerich,Blue,"Whistleblower, The",2.131.60.108,2022-03-31 19:03:41
423,Ricoriki,Turquoise,Albino Farm,157.44.236.153,2022-04-04 11:31:39
424,Anatollo,Maroon,In the Name of the King III,224.225.131.221,2022-03-14 10:04:08
425,Binny,Mauv,Desert Hearts,254.66.86.98,2020-09-17 21:29:56
426,Cecilla,Yellow,"Man with Bogart's Face, The",204.203.125.128,2020-10-09 14:28:12
427,Dyanne,Aquamarine,"Room, The",245.27.231.238,2022-04-10 20:57:21
428,Carmel,Aquamarine,Pride of the Marines,115.10.75.3,2020-06-12 03:32:58
429,Shani,Red,"Fiancee, The (Parineeta)",110.124.162.251,2020-09-24 13:27:29
430,Demetra,Turquoise,"Shadow Riders, The",135.5.129.200,2021-10-10 07:00:47
431,Cozmo,Mauv,Mad Love,58.163.38.98,2020-08-05 09:28:30
432,Hersch,Violet,"Dilettante, La",24.92.254.237,2020-09-21 07:34:40
433,Leonidas,Turquoise,Kabul Express,155.85.21.213,2020-10-09 03:48:32
434,Darin,Pink,Outlander,146.195.207.178,2020-08-03 09:51:17
435,Englebert,Fuscia,"Scorpion King 3: Battle for Redemption, The",17.53.48.57,2021-07-31 06:49:47
436,Bambie,Indigo,"Patriot, The",183.204.149.224,2021-07-30 10:03:03
437,Bruce,Green,Addams Family Values,162.248.130.112,2021-07-21 18:09:12
438,Lucias,Blue,"Last of Robin Hood, The",14.109.115.186,2021-08-02 03:17:42
439,Natka,Purple,Heartlands,21.92.6.31,2022-03-04 20:00:48
440,Judas,Teal,"Round Up, The (La Rafle)",53.7.115.66,2020-05-08 22:13:29
441,Abbe,Goldenrod,Before the Devil Knows You're Dead,130.214.197.208,2021-08-06 23:04:02
442,Olympe,Mauv,Monte Walsh,25.110.227.158,2021-03-11 05:47:12
443,Jacqui,Maroon,"Everlasting Piece, An",72.209.166.175,2022-03-17 08:40:31
444,Addy,Purple,Elsewhere,2.140.145.132,2021-05-29 04:26:51
445,Kaylyn,Turquoise,Pet Sematary II,137.4.199.140,2020-12-24 07:16:51
446,Mirna,Puce,Finding a Family,197.153.148.35,2022-03-28 14:17:58
447,Bethany,Orange,Vivien Leigh: Scarlett and Beyond,91.110.70.227,2020-05-26 08:08:30
448,Rachelle,Blue,Regeneration,0.46.229.104,2022-03-23 15:29:05
449,Scot,Goldenrod,Guernica,65.210.81.24,2021-12-18 21:03:15
450,Torre,Orange,Delta Farce,163.51.90.139,2020-09-07 16:10:45
451,Annabela,Aquamarine,The Trial of Lee Harvey Oswald,114.59.6.29,2021-11-18 10:05:57
452,Philippa,Maroon,36 fillette,137.19.59.145,2021-10-29 03:38:51
453,Felita,Indigo,Red Heat,56.28.55.167,2021-09-10 10:04:46
454,Brand,Puce,Ricky Gervais Live: Animals,159.196.32.80,2021-10-19 13:45:56
455,Twila,Fuscia,"Sunshine Boys, The",255.79.144.81,2020-05-29 17:49:05
456,Jedidiah,Teal,West (Occident),169.29.242.10,2021-11-08 18:16:57
457,Corabella,Khaki,Go,227.157.31.165,2020-09-05 05:33:06
458,Odele,Green,"Midsummer Night's Dream, A",8.55.177.67,2022-03-31 10:51:40
459,Eustacia,Goldenrod,"Octagon, The",177.240.29.225,2021-02-14 20:31:50
460,Frederik,Purple,Home on the Range,46.201.92.69,2020-05-21 22:05:52
461,Laural,Mauv,"Monkey's Mask, The",144.135.243.136,2020-10-24 16:37:58
462,Naomi,Khaki,Knocked Up,212.55.111.195,2020-07-28 04:53:14
463,Eugenie,Purple,Get Him to the Greek,8.177.174.215,2021-05-18 07:58:33
464,Addy,Puce,"Wedding, A",48.98.118.190,2021-09-28 05:01:56
465,Natalya,Violet,Speedway,67.175.151.113,2021-12-22 06:13:36
466,Jessi,Blue,Season's Greetings,235.158.156.33,2021-01-16 18:25:57
467,Ivory,Green,Gleaming the Cube,78.27.153.125,2022-02-19 18:50:36
468,Nicholle,Aquamarine,"Trials of Oscar Wilde, The",62.92.47.87,2020-08-06 06:13:03
469,Jerrome,Maroon,Rounders,99.223.236.74,2021-07-08 03:12:46
470,Dwayne,Purple,Dickie Roberts: Former Child Star,78.45.57.245,2020-05-31 07:35:37
471,Elenore,Crimson,"Wrecking Crew, The",25.206.49.147,2022-01-16 02:33:55
472,Angel,Violet,Overnight Delivery,40.88.165.202,2021-07-02 20:21:10
473,Norrie,Mauv,Smokers Only (Vagón Fumador),88.244.236.22,2021-09-14 16:37:21
474,Tulley,Khaki,"Aristocrats, The",172.52.212.89,2021-10-12 01:05:39
475,Nata,Orange,Oscar and Lucinda (a.k.a. Oscar & Lucinda),98.52.4.168,2021-12-30 21:49:25
476,Vanya,Orange,Black Angel,31.105.205.104,2021-05-05 11:29:02
477,Deloris,Pink,Chop Shop,121.16.125.221,2021-09-22 14:47:41
478,Hillyer,Maroon,Bliss (Mutluluk),206.197.7.20,2021-03-12 07:39:16
479,Hoebart,Red,Deepstar Six,120.145.126.207,2022-02-15 13:34:35
480,Bibbie,Violet,"Innocent Man, An",90.248.224.68,2021-01-30 19:20:13
481,Dionisio,Indigo,Showdown in Little Tokyo,148.96.101.103,2021-08-14 20:00:45
482,Rycca,Fuscia,Heartbeats (Les amours imaginaires),220.36.0.135,2021-04-16 13:36:26
483,Westbrook,Blue,"Tramp, The (Awaara) (Awara)",109.19.218.107,2020-09-10 02:37:48
484,Jehanna,Violet,Red Hill,146.209.238.221,2020-06-08 12:24:02
485,Jania,Khaki,"Man in the White Suit, The",91.58.241.163,2022-04-09 13:06:43
486,Rocky,Green,Blow Dry (a.k.a. Never Better),40.136.241.226,2022-01-18 12:49:28
487,Gabbey,Mauv,Not Reconciled (Nicht versöhnt oder Es hilft nur Gewalt wo Gewalt herrscht),100.10.117.78,2020-09-10 01:44:04
488,Galen,Violet,Sunshine Cleaning,187.177.80.82,2020-12-01 02:57:14
489,Rayshell,Aquamarine,"Battle Creek Brawl (Big Brawl, The)",175.39.202.243,2020-09-02 17:54:06
490,Ebonee,Crimson,"Tenant, The (Locataire, Le)",138.234.214.213,2020-10-17 12:45:28
491,Ruby,Yellow,Peep World,146.205.222.229,2021-06-09 17:47:50
492,Giff,Indigo,Aloha Summer,52.209.249.216,2020-11-21 15:02:03
493,Freddy,Teal,Rolling Family (Familia rodante),144.196.198.145,2022-01-29 05:24:00
494,Sherwin,Indigo,Herman's House,157.106.141.71,2022-01-10 04:35:20
495,Carlene,Blue,Man's Castle,59.130.232.185,2022-04-13 16:18:47
496,Aldous,Orange,Midnight Express,6.134.19.117,2020-12-16 17:21:38
497,Shalna,Maroon,The Gang That Sold America,237.116.132.96,2020-05-12 12:27:15
498,Devin,Red,West of Memphis,79.124.14.98,2021-01-28 19:25:23
499,Kaylee,Indigo,"Thieves, The (Dodookdeul)",169.73.60.194,2020-12-14 10:07:54
500,Freida,Purple,Greyfriars Bobby (a.k.a. Greyfriars Bobby: The True Story of a Dog),119.213.223.136,2021-02-01 22:28:08
